log_time,frame,PersistentLevel,X,Y,Z,FPS,FPSMs,GameThread,RenderThread,GPUFrame,RHIThreadTime,ActorName,ElapsedTime
2026.07.31-05.08.44:016,262,PL_Level1,0.0,0.0,0.0,60.403571,16.555313,6.488275,5.034364,8.594979,3.245453,,0.016555
2026.07.31-05.08.44:033,264,PL_Level1,0.0,0.0,0.0,58.919142,16.972413,7.548774,5.675873,10.948545,2.764395,,0.033528
2026.07.31-05.08.44:050,266,PL_Level1,0.0,0.0,0.0,59.964017,16.676668,7.270334,5.051814,8.620283,2.982337,,0.050204
2026.07.31-05.08.44:067,268,PL_Level1,0.0,0.0,0.0,58.589458,17.067917,6.743204,5.602785,10.74143,2.274354,,0.067272
2026.07.31-05.08.44:083,270,PL_Level1,0.0,0.0,0.0,60.427099,16.548867,5.833244,5.721865,9.700855,2.602013,,0.083821
2026.07.31-05.08.44:100,272,PL_Level1,0.0,0.0,0.0,61.523811,16.25387,7.270275,5.266256,10.154749,2.814439,,0.100075
2026.07.31-05.08.44:116,274,PL_Level1,0.0,0.0,0.0,59.558852,16.790115,5.89345,5.276778,9.991883,2.621375,,0.116865
2026.07.31-05.08.44:134,276,PL_Level1,0.0,0.0,0.0,55.813017,17.916967,7.804863,4.493924,11.024768,2.337457,,0.134782
2026.07.31-05.08.44:151,278,PL_Level1,0.0,0.0,0.0,61.209999,16.3372,6.393125,4.816879,9.959512,2.694331,,0.151119
2026.07.31-05.08.44:167,280,PL_Level1,0.0,0.0,0.0,60.140097,16.627842,6.320756,4.602669,8.962873,3.056894,,0.167747
2026.07.31-05.08.44:184,282,PL_Level1,0.0,0.0,0.0,59.863611,16.704639,6.528675,5.032143,10.695266,3.066985,,0.184452
2026.07.31-05.08.44:201,284,PL_Level1,0.0,0.0,0.0,59.947235,16.681336,6.43384,5.75687,9.9512,1.888612,,0.201133
2026.07.31-05.08.44:217,286,PL_Level1,0.0,0.0,0.0,61.782459,16.185824,6.780435,4.565127,8.583547,2.339533,,0.217319
2026.07.31-05.08.44:233,288,PL_Level1,0.0,0.0,0.0,60.665376,16.483867,6.713423,4.385998,8.998647,1.712244,,0.233803
2026.07.31-05.08.44:249,290,PL_Level1,0.0,0.0,0.0,62.76726,15.931873,5.985453,5.298776,9.239812,2.601303,,0.249735
2026.07.31-05.08.44:265,292,PL_Level1,0.0,0.0,0.0,62.893768,15.899827,6.403657,5.549966,10.053047,1.975016,,0.265635
2026.07.31-05.08.44:281,294,PL_Level1,0.0,0.0,0.0,61.151725,16.352768,6.385674,5.363824,10.130752,3.156665,,0.281987
2026.07.31-05.08.44:298,296,PL_Level1,0.0,0.0,0.0,60.867984,16.428998,7.262679,4.334614,8.958851,2.658632,,0.298416
2026.07.31-05.08.44:314,298,PL_Level1,0.0,0.0,0.0,61.931425,16.146892,7.092325,4.925924,9.740983,2.261562,,0.314563
2026.07.31-05.08.44:330,300,PL_Level1,0.0,0.0,0.0,61.611264,16.230798,6.682781,4.715356,8.119433,2.810303,,0.330794
2026.07.31-05.08.44:347,302,PL_Level1,0.0,0.0,0.0,59.288932,16.866555,7.531537,5.285021,9.274854,2.036454,,0.347661
2026.07.31-05.08.44:363,304,PL_Level1,0.0,0.0,0.0,64.876008,15.414019,5.973128,4.884105,9.64824,1.682335,,0.363075
2026.07.31-05.08.44:378,306,PL_Level1,0.0,0.0,0.0,63.162253,15.832241,5.680561,5.235865,8.275199,1.721569,,0.378907
2026.07.31-05.08.44:395,308,PL_Level1,0.0,0.0,0.0,61.480112,16.265423,5.770406,4.456867,8.99493,2.574499,,0.395172
2026.07.31-05.08.44:412,310,PL_Level1,0.0,0.0,0.0,59.383995,16.839554,7.297329,5.834364,8.422412,3.18077,,0.412012
2026.07.31-05.08.44:428,312,PL_Level1,0.0,0.0,0.0,62.069741,16.11091,6.256657,4.373611,8.111358,1.969975,,0.428123
2026.07.31-05.08.44:444,314,PL_Level1,0.0,0.0,0.0,61.53878,16.249916,7.085408,4.264137,8.480877,2.860064,,0.444373
2026.07.31-05.08.44:460,316,PL_Level1,0.0,0.0,0.0,62.408729,16.023399,6.34324,5.333983,8.256529,1.662626,,0.460396
2026.07.31-05.08.44:477,318,PL_Level1,0.0,0.0,0.0,59.331065,16.854577,5.917935,4.994431,9.665416,2.280997,,0.477251
2026.07.31-05.08.44:493,320,PL_Level1,0.0,0.0,0.0,61.944172,16.143569,6.503676,4.827299,10.251177,2.669689,,0.493394
2026.07.31-05.08.44:509,322,PL_Level1,0.0,0.0,0.0,62.109572,16.100578,6.592456,4.538327,8.254706,2.940369,,0.509495
2026.07.31-05.08.44:525,324,PL_Level1,0.0,0.0,0.0,62.510451,15.997325,6.321357,4.07358,10.085922,3.108587,,0.525492
2026.07.31-05.08.44:541,326,PL_Level1,0.0,0.0,0.0,62.515113,15.996132,6.939177,4.30872,9.601257,2.611481,,0.541488
2026.07.31-05.08.44:557,328,PL_Level1,0.0,0.0,0.0,63.016567,15.868843,6.576061,5.175836,8.336446,2.321095,,0.557357
2026.07.31-05.08.44:572,330,PL_Level1,0.0,0.0,0.0,65.286888,15.317011,5.919625,4.172976,8.32419,1.624578,,0.572674
2026.07.31-05.08.44:588,332,PL_Level1,0.0,0.0,0.0,62.297653,16.051969,6.77233,5.606417,8.493539,2.047666,,0.588726
2026.07.31-05.08.44:604,334,PL_Level1,0.0,0.0,0.0,61.766571,16.189987,6.183949,5.320397,10.011803,3.113516,,0.604916
2026.07.31-05.08.44:621,336,PL_Level1,0.0,0.0,0.0,60.603487,16.500701,7.158908,5.525408,10.04505,2.61189,,0.621417
2026.07.31-05.08.44:637,338,PL_Level1,0.0,0.0,0.0,62.486995,16.00333,6.049425,5.398372,8.732399,2.148731,,0.63742
2026.07.31-05.08.44:653,340,PL_Level1,0.0,0.0,0.0,61.208931,16.337485,6.807195,5.25888,8.301895,2.040253,,0.653758
2026.07.31-05.08.44:669,342,PL_Level1,0.0,0.0,0.0,64.806028,15.430663,6.041247,4.577017,8.105899,1.718447,,0.669188
2026.07.31-05.08.44:684,344,PL_Level1,0.0,0.0,0.0,63.274698,15.804105,5.691348,5.400282,9.395248,2.768255,,0.684992
2026.07.31-05.08.44:700,346,PL_Level1,0.0,0.0,0.0,64.87889,15.413334,6.365252,4.510753,7.915609,2.176942,,0.700406
2026.07.31-05.08.44:715,348,PL_Level1,0.0,0.0,0.0,65.716906,15.216785,5.908759,3.950002,8.832884,2.946805,,0.715622
2026.07.31-05.08.44:731,350,PL_Level1,0.0,0.0,0.0,62.267243,16.059809,6.639548,4.972828,9.506433,2.335725,,0.731682
2026.07.31-05.08.44:747,352,PL_Level1,0.0,0.0,0.0,63.088031,15.850867,6.403598,4.130046,9.560657,2.882285,,0.747533
2026.07.31-05.08.44:762,354,PL_Level1,0.0,0.0,0.0,65.648586,15.232621,5.394777,4.806483,7.902735,1.721648,,0.762766
2026.07.31-05.08.44:778,356,PL_Level1,0.0,0.0,0.0,63.974586,15.631207,5.791328,5.467057,8.893467,1.799008,,0.778397
2026.07.31-05.08.44:793,358,PL_Level1,0.0,0.0,0.0,64.510421,15.501371,6.511229,4.922008,8.828178,1.973653,,0.793898
2026.07.31-05.08.44:809,360,PL_Level1,0.0,0.0,0.0,65.31269,15.31096,6.074862,4.150116,9.573827,1.823895,,0.809209
2026.07.31-05.08.44:824,362,PL_Level1,0.0,0.0,0.0,65.14071,15.351383,6.089079,4.049479,8.75501,3.03457,,0.824561
2026.07.31-05.08.44:840,364,PL_Level1,0.0,0.0,0.0,64.441821,15.517873,5.434978,4.432504,8.705827,2.805851,,0.840078
2026.07.31-05.08.44:855,366,PL_Level1,0.0,0.0,0.0,65.948775,15.163284,5.766291,4.011849,7.862452,2.044636,,0.855242
2026.07.31-05.08.44:870,368,PL_Level1,0.0,0.0,0.0,63.777394,15.679537,6.53753,4.813137,9.4731,2.383012,,0.870921
2026.07.31-05.08.44:886,370,PL_Level1,0.0,0.0,0.0,64.682015,15.460248,6.782392,5.075752,9.167439,2.37044,,0.886382
2026.07.31-05.08.44:902,372,PL_Level1,0.0,0.0,0.0,63.658434,15.708837,6.399791,4.961068,9.543786,2.524739,,0.90209
2026.07.31-05.08.44:917,374,PL_Level1,0.0,0.0,0.0,65.472626,15.273559,6.171503,4.761071,9.140346,1.685616,,0.917364
2026.07.31-05.08.44:933,376,PL_Level1,0.0,0.0,0.0,62.906415,15.89663,6.311462,4.666625,10.035424,2.144424,,0.933261
2026.07.31-05.08.44:949,378,PL_Level1,0.0,0.0,0.0,61.446567,16.274302,6.800186,4.34968,10.27888,1.767275,,0.949535
2026.07.31-05.08.44:964,380,PL_Level1,0.0,0.0,0.0,64.964047,15.39313,6.616169,4.830025,8.406996,2.954042,,0.964928
2026.07.31-05.08.44:980,382,PL_Level1,0.0,0.0,0.0,62.459772,16.010305,5.956928,4.673965,8.443223,2.246972,,0.980938
2026.07.31-05.08.44:996,384,PL_Level1,0.0,0.0,0.0,62.316942,16.047,6.762168,4.501924,10.253578,2.771344,,0.996985
2026.07.31-05.08.45:012,386,PL_Level1,0.0,0.0,0.0,65.89653,15.175306,5.681414,4.794314,9.210743,2.914913,,1.012161
2026.07.31-05.08.45:031,388,PL_Level1,0.0,0.0,0.0,50.763044,19.69937,6.957408,5.670535,12.718832,2.579509,,1.03186
2026.07.31-05.08.45:047,390,PL_Level1,0.0,0.0,0.0,63.484543,15.751866,5.630788,4.203118,9.05013,1.713565,,1.047612
2026.07.31-05.08.45:064,392,PL_Level1,0.0,0.0,0.0,59.425931,16.827671,5.968003,5.020558,10.842683,2.248541,,1.06444
2026.07.31-05.08.45:079,394,PL_Level1,0.0,0.0,0.0,64.78732,15.435119,5.834743,4.305137,8.001686,2.579189,,1.079875
2026.07.31-05.08.45:095,396,PL_Level1,0.0,0.0,0.0,64.97206,15.391231,5.582666,4.976737,9.058581,2.308373,,1.095266
2026.07.31-05.08.45:110,398,PL_Level1,0.0,0.0,0.0,64.741876,15.445953,5.537689,3.934188,8.873859,1.660368,,1.110712
2026.07.31-05.08.45:126,400,PL_Level1,0.0,0.0,0.0,64.658817,15.465795,5.641284,5.18544,7.739033,1.655144,,1.126178
2026.07.31-05.08.45:141,402,PL_Level1,0.0,0.0,0.0,63.66386,15.707499,5.557625,4.651534,8.308243,2.669586,,1.141885
2026.07.31-05.08.45:157,404,PL_Level1,0.0,0.0,0.0,63.301187,15.797492,6.071848,3.97456,8.262417,2.743306,,1.157683
2026.07.31-05.08.45:173,406,PL_Level1,0.0,0.0,0.0,62.236148,16.067833,6.945828,4.231243,8.180477,1.782739,,1.17375
2026.07.31-05.08.45:189,408,PL_Level1,0.0,0.0,0.0,62.82536,15.917139,6.452456,5.484156,10.222343,2.856677,,1.189668
2026.07.31-05.08.45:205,410,PL_Level1,0.0,0.0,0.0,64.327328,15.545493,5.541916,4.721176,10.023813,2.091738,,1.205213
2026.07.31-05.08.45:220,412,PL_Level1,0.0,0.0,0.0,64.323234,15.546482,6.024143,5.081438,9.852777,1.660689,,1.22076
2026.07.31-05.08.45:236,414,PL_Level1,0.0,0.0,0.0,64.969937,15.391734,6.048697,5.206681,9.978956,2.053043,,1.236151
2026.07.31-05.08.45:252,416,PL_Level1,0.0,0.0,0.0,61.642045,16.222693,5.95764,4.575295,10.132688,2.807297,,1.252374
2026.07.31-05.08.45:268,418,PL_Level1,0.0,0.0,0.0,61.227,16.332664,6.32566,4.976427,10.450082,2.704327,,1.268707
2026.07.31-05.08.45:284,420,PL_Level1,0.0,0.0,0.0,63.108106,15.845825,6.079655,4.991948,8.392657,2.347513,,1.284552
2026.07.31-05.08.45:300,422,PL_Level1,0.0,0.0,0.0,62.107268,16.101175,6.430501,5.380345,8.671007,2.060391,,1.300654
2026.07.31-05.08.45:316,424,PL_Level1,0.0,0.0,0.0,63.873424,15.655964,6.571265,4.571681,9.852453,2.219908,,1.31631
2026.07.31-05.08.45:332,426,PL_Level1,0.0,0.0,0.0,61.584635,16.237817,6.460762,5.604893,9.286725,2.243434,,1.332547
2026.07.31-05.08.45:347,428,PL_Level1,0.0,0.0,0.0,65.272586,15.320367,5.475429,4.760223,9.307826,2.129566,,1.347868
2026.07.31-05.08.45:363,430,PL_Level1,0.0,0.0,0.0,62.219747,16.072068,5.713988,5.42251,9.39069,2.394245,,1.36394
2026.07.31-05.08.45:379,432,PL_Level1,0.0,0.0,0.0,65.790291,15.199811,6.669616,3.926655,8.296753,2.212004,,1.37914
2026.07.31-05.08.45:394,434,PL_Level1,0.0,0.0,0.0,64.134048,15.592342,6.54062,4.620545,8.462357,1.719007,,1.394732
2026.07.31-05.08.45:410,436,PL_Level1,0.0,0.0,0.0,61.708971,16.205099,6.73675,4.341621,9.921198,2.090733,,1.410937
2026.07.31-05.08.45:426,438,PL_Level1,0.0,0.0,0.0,66.376103,15.065663,6.64878,5.140228,8.735286,1.701078,,1.426003
2026.07.31-05.08.45:441,440,PL_Level1,0.0,0.0,0.0,63.57231,15.730119,6.357337,4.302168,8.713036,2.520116,,1.441733
2026.07.31-05.08.45:457,442,PL_Level1,0.0,0.0,0.0,63.361472,15.782462,5.640215,5.070874,9.351992,2.245552,,1.457515
2026.07.31-05.08.45:473,444,PL_Level1,0.0,0.0,0.0,62.950691,15.885449,6.694739,4.071233,8.943359,2.655929,,1.473401
2026.07.31-05.08.45:489,446,PL_Level1,0.0,0.0,0.0,63.682651,15.702864,5.750816,4.2411,8.970437,1.707849,,1.489104
2026.07.31-05.08.45:504,448,PL_Level1,0.0,0.0,0.0,63.703399,15.697749,6.539988,4.426534,9.445123,2.111205,,1.504801
2026.07.31-05.08.45:521,450,PL_Level1,0.0,0.0,0.0,61.548432,16.247367,6.337623,5.33218,9.239793,1.917761,,1.521049
2026.07.31-05.08.45:537,452,PL_Level1,0.0,0.0,0.0,62.454413,16.011679,5.649282,4.40508,10.287361,1.748616,,1.53706
2026.07.31-05.08.45:552,454,PL_Level1,0.0,0.0,0.0,62.875404,15.90447,5.654881,5.275329,9.109745,2.820573,,1.552965
2026.07.31-05.08.45:568,456,PL_Level1,0.0,0.0,0.0,63.501387,15.747687,6.129998,5.178801,10.145816,1.780964,,1.568713
2026.07.31-05.08.45:584,458,PL_Level1,0.0,0.0,0.0,63.450593,15.760294,6.45312,5.503815,9.884119,1.8517,,1.584473
2026.07.31-05.08.45:600,460,PL_Level1,0.0,0.0,0.0,62.720059,15.943862,5.852828,5.065589,10.102655,2.179172,,1.600417
2026.07.31-05.08.45:616,462,PL_Level1,0.0,0.0,0.0,61.568404,16.242097,5.858118,5.095857,9.980627,2.099718,,1.616659
2026.07.31-05.08.45:632,464,PL_Level1,0.0,0.0,0.0,61.410647,16.283821,6.311984,5.050486,9.618509,3.126198,,1.632943
2026.07.31-05.08.45:649,466,PL_Level1,0.0,0.0,0.0,60.443502,16.544376,7.120998,4.317452,9.594086,3.290091,,1.649487
2026.07.31-05.08.45:665,468,PL_Level1,0.0,0.0,0.0,63.035943,15.863965,6.796131,4.780165,9.244698,2.256492,,1.665351
2026.07.31-05.08.45:681,470,PL_Level1,0.0,0.0,0.0,61.13804,16.356429,6.843759,5.481829,8.672476,1.964628,,1.681707
2026.07.31-05.08.45:697,472,PL_Level1,0.0,0.0,0.0,61.688049,16.210595,6.363237,4.086459,8.626618,2.428528,,1.697918
2026.07.31-05.08.45:713,474,PL_Level1,0.0,0.0,0.0,62.244738,16.065615,6.332965,4.219883,8.115132,2.402884,,1.713984
2026.07.31-05.08.45:730,476,PL_Level1,0.0,0.0,0.0,61.805284,16.179846,6.02852,5.016641,9.899381,2.372028,,1.730164
2026.07.31-05.08.45:746,478,PL_Level1,0.0,0.0,0.0,61.701103,16.207166,5.894777,5.424564,8.407135,1.653676,,1.746371
2026.07.31-05.08.45:762,480,PL_Level1,0.0,0.0,0.0,60.261145,16.594441,5.834341,4.65861,9.746286,1.872478,,1.762965
2026.07.31-05.08.45:779,482,PL_Level1,0.0,0.0,0.0,61.929938,16.147279,7.040456,5.44402,8.407702,1.842418,,1.779112
2026.07.31-05.08.45:795,484,PL_Level1,0.0,0.0,0.0,60.964503,16.402988,6.554937,4.654391,8.365229,2.217292,,1.795515
2026.07.31-05.08.45:811,486,PL_Level1,0.0,0.0,0.0,61.210352,16.337106,5.722958,4.844701,9.476161,2.58255,,1.811853
2026.07.31-05.08.45:827,488,PL_Level1,0.0,0.0,0.0,62.982274,15.877483,6.397313,5.482544,10.018126,2.981543,,1.82773
2026.07.31-05.08.45:843,490,PL_Level1,0.0,0.0,0.0,61.907889,16.15303,6.070832,4.712795,8.939122,1.976091,,1.843883
2026.07.31-05.08.45:860,492,PL_Level1,0.0,0.0,0.0,60.197576,16.611965,6.524121,5.148847,10.596509,2.942311,,1.860495
2026.07.31-05.08.45:876,494,PL_Level1,0.0,0.0,0.0,60.733626,16.465343,6.870018,5.656612,8.258128,2.018993,,1.87696
2026.07.31-05.08.45:892,496,PL_Level1,0.0,0.0,0.0,63.258768,15.808085,6.81288,4.369959,9.008409,1.632369,,1.892768
2026.07.31-05.08.45:909,498,PL_Level1,0.0,0.0,0.0,60.300617,16.583578,6.965902,4.298357,8.656871,2.736055,,1.909352
2026.07.31-05.08.45:925,500,PL_Level1,0.0,0.0,0.0,60.723114,16.468194,7.23991,5.694751,9.014147,2.000281,,1.92582
2026.07.31-05.08.45:942,502,PL_Level1,0.0,0.0,0.0,61.560698,16.24413,6.06677,4.970427,8.17989,3.118313,,1.942064
2026.07.31-05.08.45:958,504,PL_Level1,0.0,0.0,0.0,60.788102,16.450588,6.845723,5.701511,8.312517,3.180589,,1.958515
2026.07.31-05.08.45:975,506,PL_Level1,0.0,0.0,0.0,59.806631,16.720554,7.340041,5.629383,10.148073,1.847674,,1.975235
2026.07.31-05.08.45:992,508,PL_Level1,0.0,0.0,0.0,59.151043,16.905873,6.438601,5.231736,10.112772,2.019776,,1.992141
2026.07.31-05.08.46:008,510,PL_Level1,0.0,0.0,0.0,60.151174,16.624779,7.147743,4.939788,8.831919,2.012286,,2.008766
2026.07.31-05.08.46:025,512,PL_Level1,0.0,0.0,0.0,61.053397,16.379105,7.272676,4.881383,10.403555,3.130765,,2.025145
2026.07.31-05.08.46:041,514,PL_Level1,0.0,0.0,0.0,61.947721,16.142644,6.689313,4.303655,9.737187,1.740215,,2.041288
2026.07.31-05.08.46:064,516,PL_Level1,0.0,0.0,0.0,43.414345,23.033861,8.440216,6.803194,12.678435,4.033616,,2.064322
2026.07.31-05.08.46:080,518,PL_Level1,0.0,0.0,0.0,62.41068,16.022899,6.025988,5.322377,8.991217,2.063276,,2.080345
2026.07.31-05.08.46:097,520,PL_Level1,0.0,0.0,0.0,59.234144,16.882155,7.056707,5.889826,9.181923,2.671491,,2.097227
2026.07.31-05.08.46:113,522,PL_Level1,0.0,0.0,0.0,60.954459,16.405691,7.163012,5.67693,10.246826,1.931413,,2.113632
2026.07.31-05.08.46:130,524,PL_Level1,0.0,0.0,0.0,58.361649,17.13454,6.037795,5.932284,9.836836,3.095405,,2.130767
2026.07.31-05.08.46:148,526,PL_Level1,0.0,0.0,0.0,56.952758,17.558412,6.71843,4.422983,9.135574,2.93361,,2.148325
2026.07.31-05.08.46:165,528,PL_Level1,0.0,0.0,0.0,57.301057,17.451685,6.515709,5.26303,9.253879,1.782073,,2.165777
2026.07.31-05.08.46:182,530,PL_Level1,0.0,0.0,0.0,58.675957,17.042756,6.684273,4.601767,9.279557,2.108415,,2.18282
2026.07.31-05.08.46:199,532,PL_Level1,0.0,0.0,0.0,59.860964,16.705377,7.130653,5.2042,9.362913,2.449593,,2.199525
2026.07.31-05.08.46:216,534,PL_Level1,0.0,0.0,0.0,59.024624,16.942082,6.781586,5.837965,9.977124,2.59413,,2.216467
2026.07.31-05.08.46:233,536,PL_Level1,0.0,0.0,0.0,58.506133,17.092225,6.868153,5.771448,11.018071,3.123214,,2.23356
2026.07.31-05.08.46:250,538,PL_Level1,0.0,0.0,0.0,60.462869,16.539076,6.795949,5.568016,8.919347,2.293911,,2.250099
2026.07.31-05.08.46:267,540,PL_Level1,0.0,0.0,0.0,58.69392,17.03754,6.84172,4.882479,9.358048,3.282869,,2.267136
2026.07.31-05.08.46:284,542,PL_Level1,0.0,0.0,0.0,59.016544,16.944401,7.096758,5.085305,8.533078,2.022967,,2.284081
2026.07.31-05.08.46:299,544,PL_Level1,0.0,0.0,0.0,63.170211,15.830246,5.710029,4.403886,8.799762,2.940805,,2.299911
2026.07.31-05.08.46:317,546,PL_Level1,0.0,0.0,0.0,58.39935,17.123478,6.032261,5.229261,10.29569,3.260823,,2.317034
2026.07.31-05.08.46:334,548,PL_Level1,0.0,0.0,0.0,57.27637,17.459207,7.554232,4.894493,11.251746,2.840066,,2.334494
2026.07.31-05.08.46:351,550,PL_Level1,0.0,0.0,0.0,58.951358,16.963138,6.749476,5.612646,10.364959,3.337538,,2.351457
2026.07.31-05.08.46:368,552,PL_Level1,0.0,0.0,0.0,59.241938,16.879934,6.411799,5.00392,8.738733,2.381062,,2.368337
2026.07.31-05.08.46:385,554,PL_Level1,0.0,0.0,0.0,58.504329,17.092752,6.758996,5.470362,10.828358,2.904543,,2.385429
2026.07.31-05.08.46:402,556,PL_Level1,0.0,0.0,0.0,58.201488,17.181691,7.130559,5.794813,10.752335,1.735519,,2.402611
2026.07.31-05.08.46:419,558,PL_Level1,0.0,0.0,0.0,60.104002,16.637827,6.025727,4.658174,8.790652,2.120791,,2.419249
2026.07.31-05.08.46:435,560,PL_Level1,0.0,0.0,0.0,59.832387,16.713356,6.724805,5.218063,10.699079,2.617928,,2.435962
2026.07.31-05.08.46:453,562,PL_Level1,0.0,0.0,0.0,57.538103,17.379787,6.275334,5.814952,10.551527,3.260333,,2.453342
2026.07.31-05.08.46:470,564,PL_Level1,0.0,0.0,0.0,56.66718,17.646899,7.693288,6.089473,10.895594,3.446308,,2.470989
2026.07.31-05.08.46:488,566,PL_Level1,0.0,0.0,0.0,58.196373,17.183202,6.980476,4.576001,9.775024,2.713972,,2.488172
2026.07.31-05.08.46:505,568,PL_Level1,0.0,0.0,0.0,56.500395,17.698991,7.629787,5.630793,9.382281,3.284704,,2.505871
2026.07.31-05.08.46:522,570,PL_Level1,0.0,0.0,0.0,58.725242,17.028453,7.187719,4.998223,10.555355,3.063814,,2.5229
2026.07.31-05.08.46:540,572,PL_Level1,0.0,0.0,0.0,57.958465,17.253735,7.445428,4.806068,9.862518,3.06025,,2.540153
2026.07.31-05.08.46:556,574,PL_Level1,0.0,0.0,0.0,61.253982,16.325469,6.271931,4.338868,10.531798,1.814508,,2.556479
2026.07.31-05.08.46:573,576,PL_Level1,0.0,0.0,0.0,59.387155,16.838658,6.128367,5.195367,8.806621,2.48983,,2.573317
2026.07.31-05.08.46:591,578,PL_Level1,0.0,0.0,0.0,55.489137,18.021545,7.914351,5.107464,9.971511,2.678469,,2.591339
2026.07.31-05.08.46:609,580,PL_Level1,0.0,0.0,0.0,56.260911,17.77433,7.793403,5.630808,10.848244,3.177087,,2.609113
2026.07.31-05.08.46:627,582,PL_Level1,0.0,0.0,0.0,54.101865,18.483651,8.101889,5.140298,10.828504,2.931706,,2.627597
2026.07.31-05.08.46:646,584,PL_Level1,0.0,0.0,0.0,53.701758,18.621364,8.359636,4.656443,10.520908,3.388814,,2.646218
2026.07.31-05.08.46:663,586,PL_Level1,0.0,0.0,0.0,57.016639,17.53874,7.184162,5.730306,10.615175,3.431368,,2.663757
2026.07.31-05.08.46:681,588,PL_Level1,0.0,0.0,0.0,54.996815,18.182871,7.295871,4.839057,11.0916,2.826825,,2.68194
2026.07.31-05.08.46:698,590,PL_Level1,0.0,0.0,0.0,59.18867,16.895125,7.260395,4.650389,9.910594,3.027118,,2.698835
2026.07.31-05.08.46:715,592,PL_Level1,0.0,0.0,0.0,58.407311,17.121144,6.180963,4.683239,9.380084,2.671857,,2.715956
2026.07.31-05.08.46:733,594,PL_Level1,0.0,0.0,0.0,56.208824,17.790801,7.619884,5.056574,10.546635,2.892255,,2.733747
2026.07.31-05.08.46:751,596,PL_Level1,0.0,0.0,0.0,56.071339,17.834424,7.690606,5.324185,10.375825,2.632372,,2.751581
2026.07.31-05.08.46:768,598,PL_Level1,0.0,0.0,0.0,58.741756,17.023665,6.940875,5.639008,10.548687,3.33595,,2.768605
2026.07.31-05.08.46:785,600,PL_Level1,0.0,0.0,0.0,59.037676,16.938336,6.585489,5.335948,10.129441,3.078674,,2.785543
2026.07.31-05.08.46:803,602,PL_Level1,0.0,0.0,0.0,55.021146,18.174831,7.553872,4.809057,10.441727,3.184124,,2.803718
2026.07.31-05.08.46:821,604,PL_Level1,0.0,0.0,0.0,54.784782,18.253244,8.058839,4.898579,9.177835,2.426921,,2.821971
2026.07.31-05.08.46:839,606,PL_Level1,0.0,0.0,0.0,55.8837,17.894306,6.545673,5.989336,9.395245,2.658047,,2.839866
2026.07.31-05.08.46:857,608,PL_Level1,0.0,0.0,0.0,56.943193,17.561361,6.692815,4.829121,9.667339,3.271522,,2.857427
2026.07.31-05.08.46:875,610,PL_Level1,0.0,0.0,0.0,55.489282,18.021498,7.517525,4.899474,10.636411,3.489653,,2.875449
2026.07.31-05.08.46:893,612,PL_Level1,0.0,0.0,0.0,56.903832,17.573509,7.614983,4.399651,10.875433,3.510396,,2.893022
2026.07.31-05.08.46:909,614,PL_Level1,0.0,0.0,0.0,59.11904,16.915024,7.023235,5.538107,10.893159,2.933791,,2.909937
2026.07.31-05.08.46:928,616,PL_Level1,0.0,0.0,0.0,54.055004,18.499675,7.567926,5.991031,10.914268,3.201995,,2.928437
2026.07.31-05.08.46:946,618,PL_Level1,0.0,0.0,0.0,55.468394,18.028285,6.464476,5.13376,10.985113,1.97207,,2.946465
2026.07.31-05.08.46:964,620,PL_Level1,0.0,0.0,0.0,54.031691,18.507657,7.280388,4.640452,10.979042,3.241692,,2.964973
2026.07.31-05.08.46:983,622,PL_Level1,0.0,0.0,0.0,54.835002,18.236527,8.006154,5.991748,10.295279,2.455988,,2.983209
2026.07.31-05.08.47:001,624,PL_Level1,0.0,0.0,0.0,55.628009,17.976556,6.9419,4.672763,10.632261,3.351951,,3.001186
2026.07.31-05.08.47:019,626,PL_Level1,0.0,0.0,0.0,54.961808,18.194452,7.061277,5.386409,10.19073,1.839915,,3.01938
2026.07.31-05.08.47:036,628,PL_Level1,0.0,0.0,0.0,56.817658,17.600162,6.789364,5.878714,9.9977,3.40455,,3.03698
2026.07.31-05.08.47:054,630,PL_Level1,0.0,0.0,0.0,56.25167,17.77725,6.866905,4.878579,11.317896,2.637932,,3.054758
2026.07.31-05.08.47:072,632,PL_Level1,0.0,0.0,0.0,56.463793,17.710465,6.915509,5.100027,10.353165,1.997662,,3.072468
2026.07.31-05.08.47:090,634,PL_Level1,0.0,0.0,0.0,55.547736,18.002534,7.693138,5.690342,9.272415,2.882203,,3.090471
2026.07.31-05.08.47:108,636,PL_Level1,0.0,0.0,0.0,55.680884,17.959485,7.103089,5.698837,10.390727,3.038809,,3.10843
2026.07.31-05.08.47:126,638,PL_Level1,0.0,0.0,0.0,55.474271,18.026375,7.403586,5.340686,11.590761,3.208331,,3.126457
2026.07.31-05.08.47:144,640,PL_Level1,0.0,0.0,0.0,55.627331,17.976775,7.0872,5.273941,9.258155,3.059373,,3.144433
2026.07.31-05.08.47:162,642,PL_Level1,0.0,0.0,0.0,56.631343,17.658066,7.723345,5.155289,11.401427,2.74296,,3.162091
2026.07.31-05.08.47:180,644,PL_Level1,0.0,0.0,0.0,53.122602,18.824379,6.925017,5.621021,12.200947,2.036692,,3.180916
2026.07.31-05.08.47:198,646,PL_Level1,0.0,0.0,0.0,56.447254,17.715654,6.418208,5.043018,10.347837,3.300246,,3.198631
2026.07.31-05.08.47:216,648,PL_Level1,0.0,0.0,0.0,54.72224,18.274106,7.14102,5.037101,10.048306,3.624494,,3.216906
2026.07.31-05.08.47:234,650,PL_Level1,0.0,0.0,0.0,55.529527,18.008437,8.057493,5.071268,9.027543,3.201913,,3.234914
2026.07.31-05.08.47:253,652,PL_Level1,0.0,0.0,0.0,53.710469,18.618344,7.819325,5.54411,9.352474,1.926519,,3.253532
2026.07.31-05.08.47:271,654,PL_Level1,0.0,0.0,0.0,55.532182,18.007576,7.412404,5.190037,10.052087,3.161586,,3.27154
2026.07.31-05.08.47:289,656,PL_Level1,0.0,0.0,0.0,56.506893,17.696956,6.884708,5.460463,10.927176,2.246878,,3.289237
2026.07.31-05.08.47:306,658,PL_Level1,0.0,0.0,0.0,56.798014,17.606249,6.681839,5.512765,11.291874,3.454523,,3.306843
2026.07.31-05.08.47:325,660,PL_Level1,0.0,0.0,0.0,54.357641,18.396678,8.198623,6.431743,9.62545,1.956501,,3.32524
2026.07.31-05.08.47:342,662,PL_Level1,0.0,0.0,0.0,56.777561,17.612592,6.916323,5.486621,10.094884,1.92375,,3.342852
2026.07.31-05.08.47:360,664,PL_Level1,0.0,0.0,0.0,57.903529,17.270105,7.272588,5.586245,9.93478,2.040239,,3.360123
2026.07.31-05.08.47:378,666,PL_Level1,0.0,0.0,0.0,55.48527,18.022801,7.768617,4.682381,10.03952,3.159682,,3.378145
2026.07.31-05.08.47:395,668,PL_Level1,0.0,0.0,0.0,56.261474,17.774152,7.389644,5.795171,10.326665,2.935232,,3.395919
2026.07.31-05.08.47:414,670,PL_Level1,0.0,0.0,0.0,53.193921,18.79914,7.016978,5.65648,12.008014,3.247057,,3.414719
2026.07.31-05.08.47:432,672,PL_Level1,0.0,0.0,0.0,54.990141,18.185078,6.888478,6.122112,10.288742,2.462049,,3.432904
2026.07.31-05.08.47:450,674,PL_Level1,0.0,0.0,0.0,56.782714,17.610993,6.204323,6.112615,9.169462,3.31012,,3.450515
2026.07.31-05.08.47:467,676,PL_Level1,0.0,0.0,0.0,57.85364,17.284997,7.72532,4.719436,10.367843,2.499853,,3.4678
2026.07.31-05.08.47:485,678,PL_Level1,0.0,0.0,0.0,55.567265,17.996207,7.800731,6.170315,9.082797,2.040976,,3.485796
2026.07.31-05.08.47:502,680,PL_Level1,0.0,0.0,0.0,60.518212,16.523952,6.45097,5.240804,10.592139,2.920566,,3.50232
2026.07.31-05.08.47:519,682,PL_Level1,0.0,0.0,0.0,57.035096,17.533064,7.70126,5.679159,11.238399,2.681749,,3.519853
2026.07.31-05.08.47:538,684,PL_Level1,0.0,0.0,0.0,54.706504,18.279362,6.678695,5.433286,9.392327,2.912654,,3.538132
2026.07.31-05.08.47:555,686,PL_Level1,0.0,0.0,0.0,58.601704,17.06435,6.044257,4.87152,9.942254,2.363619,,3.555197
2026.07.31-05.08.47:573,688,PL_Level1,0.0,0.0,0.0,54.847987,18.23221,6.627943,6.016691,11.296833,3.11902,,3.573429
2026.07.31-05.08.47:590,690,PL_Level1,0.0,0.0,0.0,57.27856,17.458539,7.65281,4.402994,9.945899,1.80795,,3.590887
2026.07.31-05.08.47:608,692,PL_Level1,0.0,0.0,0.0,55.452584,18.033425,6.601119,5.483235,10.311796,2.689101,,3.608921
2026.07.31-05.08.47:627,694,PL_Level1,0.0,0.0,0.0,54.87279,18.223968,6.502542,4.690539,11.764118,2.600849,,3.627145
2026.07.31-05.08.47:644,696,PL_Level1,0.0,0.0,0.0,58.416599,17.118422,6.309075,4.7155,9.151101,2.989695,,3.644263
2026.07.31-05.08.47:661,698,PL_Level1,0.0,0.0,0.0,56.650025,17.652243,6.910963,5.6932,10.219705,2.234543,,3.661915
2026.07.31-05.08.47:678,700,PL_Level1,0.0,0.0,0.0,59.696369,16.751438,6.694597,5.452155,8.664601,2.066644,,3.678667
2026.07.31-05.08.47:696,702,PL_Level1,0.0,0.0,0.0,55.650938,17.969149,6.713125,6.089822,9.799763,2.371626,,3.696636
2026.07.31-05.08.47:714,704,PL_Level1,0.0,0.0,0.0,54.910119,18.21158,7.84139,5.855819,11.430237,2.696304,,3.714848
2026.07.31-05.08.47:732,706,PL_Level1,0.0,0.0,0.0,56.603542,17.666739,7.879091,5.608741,10.731966,2.137459,,3.732514
2026.07.31-05.08.47:748,708,PL_Level1,0.0,0.0,0.0,61.733937,16.198546,6.140603,5.580589,9.586309,2.72817,,3.748713
2026.07.31-05.08.47:765,710,PL_Level1,0.0,0.0,0.0,58.725807,17.028289,7.545384,5.172189,8.805044,2.267506,,3.765741
2026.07.31-05.08.47:782,712,PL_Level1,0.0,0.0,0.0,58.384111,17.127948,7.39571,5.401952,10.749582,2.434784,,3.782869
2026.07.31-05.08.47:799,714,PL_Level1,0.0,0.0,0.0,58.513546,17.09006,7.495735,5.75604,9.309236,2.661936,,3.799959
2026.07.31-05.08.47:817,716,PL_Level1,0.0,0.0,0.0,56.987218,17.547795,6.246486,5.727065,10.182063,2.416113,,3.817507
2026.07.31-05.08.47:833,718,PL_Level1,0.0,0.0,0.0,61.891283,16.157364,7.002669,5.283338,8.644532,2.748735,,3.833664
2026.07.31-05.08.47:868,720,PL_Level1,0.0,0.0,0.0,28.982703,34.503338,14.097805,10.477821,19.946741,5.714426,,3.868168
2026.07.31-05.08.47:885,722,PL_Level1,0.0,0.0,0.0,58.513358,17.090115,6.046924,5.174621,9.986112,3.002451,,3.885258
2026.07.31-05.08.47:902,724,PL_Level1,0.0,0.0,0.0,59.530924,16.797992,7.145279,5.289195,9.256874,2.558342,,3.902056
2026.07.31-05.08.47:919,726,PL_Level1,0.0,0.0,0.0,56.231726,17.783555,6.6541,5.691709,10.24134,2.431762,,3.919839
2026.07.31-05.08.47:937,728,PL_Level1,0.0,0.0,0.0,56.911694,17.571081,7.550427,5.35233,9.855757,2.110511,,3.93741
2026.07.31-05.08.47:954,730,PL_Level1,0.0,0.0,0.0,57.952673,17.255459,7.119584,4.633897,10.43307,2.479413,,3.954666
2026.07.31-05.08.47:971,732,PL_Level1,0.0,0.0,0.0,59.899215,16.69471,6.665082,4.588393,9.709371,3.126944,,3.971361
2026.07.31-05.08.47:989,734,PL_Level1,0.0,0.0,0.0,56.557414,17.681148,6.229746,5.2921,11.169383,1.982103,,3.989042
2026.07.31-05.08.48:006,736,PL_Level1,0.0,0.0,0.0,58.496667,17.094991,7.504145,4.622596,8.67479,2.077728,,4.006137
2026.07.31-05.08.48:023,738,PL_Level1,0.0,0.0,0.0,58.378506,17.129592,6.248129,5.007815,8.633242,2.852498,,4.023266
2026.07.31-05.08.48:040,740,PL_Level1,0.0,0.0,0.0,56.425102,17.722609,7.673349,4.691424,9.362542,2.791225,,4.040989
2026.07.31-05.08.48:058,742,PL_Level1,0.0,0.0,0.0,58.118941,17.206095,7.206192,4.553133,8.909083,3.297007,,4.058195
2026.07.31-05.08.48:074,744,PL_Level1,0.0,0.0,0.0,59.792072,16.724625,5.969977,5.591402,9.681624,1.72102,,4.07492
2026.07.31-05.08.48:092,746,PL_Level1,0.0,0.0,0.0,56.850784,17.589907,7.110219,5.351289,9.323004,3.304293,,4.09251
2026.07.31-05.08.48:108,748,PL_Level1,0.0,0.0,0.0,61.290263,16.315805,7.279711,5.352294,8.19718,2.815276,,4.108825
2026.07.31-05.08.48:125,750,PL_Level1,0.0,0.0,0.0,59.973418,16.674054,7.374615,4.187754,9.043895,2.960506,,4.125499
2026.07.31-05.08.48:142,752,PL_Level1,0.0,0.0,0.0,59.888904,16.697584,6.088437,4.651331,9.624161,2.302041,,4.142197
2026.07.31-05.08.48:159,754,PL_Level1,0.0,0.0,0.0,59.481114,16.812059,6.175378,4.23274,10.207244,2.197883,,4.159009
2026.07.31-05.08.48:176,756,PL_Level1,0.0,0.0,0.0,57.929619,17.262326,6.307022,4.32142,9.76632,1.751052,,4.176271
2026.07.31-05.08.48:193,758,PL_Level1,0.0,0.0,0.0,58.693097,17.037779,7.251576,4.313994,10.979266,3.045341,,4.193309
2026.07.31-05.08.48:209,760,PL_Level1,0.0,0.0,0.0,60.310172,16.580951,6.069878,5.009975,8.786543,1.925966,,4.20989
2026.07.31-05.08.48:226,762,PL_Level1,0.0,0.0,0.0,58.8898,16.980869,6.052969,4.399441,9.799818,2.082074,,4.226871
2026.07.31-05.08.48:243,764,PL_Level1,0.0,0.0,0.0,60.250383,16.597405,6.456942,5.474445,8.929031,2.118761,,4.243468
2026.07.31-05.08.48:260,766,PL_Level1,0.0,0.0,0.0,58.718934,17.030282,7.607239,5.136653,10.575808,3.184108,,4.260499
2026.07.31-05.08.48:276,768,PL_Level1,0.0,0.0,0.0,60.844355,16.435378,6.259019,4.512092,8.680571,2.116713,,4.276934
2026.07.31-05.08.48:293,770,PL_Level1,0.0,0.0,0.0,61.056181,16.378358,6.918605,5.468172,10.551596,2.335035,,4.293312
2026.07.31-05.08.48:310,772,PL_Level1,0.0,0.0,0.0,57.92521,17.26364,6.290803,5.19573,10.487506,3.016553,,4.310576
2026.07.31-05.08.48:327,774,PL_Level1,0.0,0.0,0.0,60.56716,16.510598,6.804258,4.70684,9.634425,3.124253,,4.327087
2026.07.31-05.08.48:344,776,PL_Level1,0.0,0.0,0.0,58.282857,17.157704,7.002344,5.263899,9.948932,3.073258,,4.344244
2026.07.31-05.08.48:361,778,PL_Level1,0.0,0.0,0.0,57.872607,17.279332,7.610117,5.482056,9.579153,2.653093,,4.361524
2026.07.31-05.08.48:378,780,PL_Level1,0.0,0.0,0.0,59.871724,16.702375,7.042652,5.108929,8.403865,1.673877,,4.378226
2026.07.31-05.08.48:393,782,PL_Level1,0.0,0.0,0.0,65.055856,15.371406,5.565655,5.276674,9.795714,1.779766,,4.393597
2026.07.31-05.08.48:409,784,PL_Level1,0.0,0.0,0.0,62.120942,16.097631,6.285803,4.594222,9.968307,2.018003,,4.409695
2026.07.31-05.08.48:425,786,PL_Level1,0.0,0.0,0.0,63.142797,15.837119,5.543873,4.608522,8.238924,2.238997,,4.425532
2026.07.31-05.08.48:441,788,PL_Level1,0.0,0.0,0.0,62.063387,16.112559,6.027703,5.411974,8.351332,2.194836,,4.441645
2026.07.31-05.08.48:457,790,PL_Level1,0.0,0.0,0.0,61.554331,16.245811,7.264032,5.097103,8.873707,2.460276,,4.457891
2026.07.31-05.08.48:473,792,PL_Level1,0.0,0.0,0.0,62.683877,15.953066,6.31062,5.529758,9.802695,2.252617,,4.473844
2026.07.31-05.08.48:490,794,PL_Level1,0.0,0.0,0.0,60.475218,16.535699,7.222095,5.443824,9.515877,2.854172,,4.490379
2026.07.31-05.08.48:506,796,PL_Level1,0.0,0.0,0.0,62.233237,16.068584,5.662134,4.841349,9.611126,1.690786,,4.506448
2026.07.31-05.08.48:522,798,PL_Level1,0.0,0.0,0.0,63.385046,15.776592,6.910238,4.945517,7.902955,3.147001,,4.522225
2026.07.31-05.08.48:538,800,PL_Level1,0.0,0.0,0.0,62.759455,15.933854,6.994,4.630512,10.174653,2.936703,,4.538158
2026.07.31-05.08.48:553,802,PL_Level1,0.0,0.0,0.0,63.664346,15.707379,6.523954,4.127342,8.244063,2.096883,,4.553866
2026.07.31-05.08.48:569,804,PL_Level1,0.0,0.0,0.0,62.162805,16.08679,5.817387,4.676608,8.81291,2.247006,,4.569953
2026.07.31-05.08.48:589,806,PL_Level1,0.0,0.0,0.0,52.158137,19.172464,8.389901,5.332794,12.310114,3.76491,,4.589125
2026.07.31-05.08.48:605,808,PL_Level1,0.0,0.0,0.0,61.750419,16.194222,7.125237,5.146653,9.877407,3.134884,,4.605319
2026.07.31-05.08.48:620,810,PL_Level1,0.0,0.0,0.0,65.324329,15.308232,5.665648,4.851481,8.827645,2.132702,,4.620627
2026.07.31-05.08.48:636,812,PL_Level1,0.0,0.0,0.0,63.091883,15.849899,7.037615,5.448194,9.976519,1.67948,,4.636477
2026.07.31-05.08.48:652,814,PL_Level1,0.0,0.0,0.0,61.73784,16.197522,7.096202,4.178082,8.247605,3.220013,,4.652675
2026.07.31-05.08.48:669,816,PL_Level1,0.0,0.0,0.0,60.625905,16.494599,6.111045,4.894885,8.436063,2.7278,,4.669169
2026.07.31-05.08.48:685,818,PL_Level1,0.0,0.0,0.0,61.261958,16.323344,6.356017,4.731548,8.541584,2.763545,,4.685493
2026.07.31-05.08.48:701,820,PL_Level1,0.0,0.0,0.0,61.1127,16.363211,6.278038,4.953861,8.83099,2.085647,,4.701856
2026.07.31-05.08.48:717,822,PL_Level1,0.0,0.0,0.0,62.494868,16.001314,6.397688,4.191645,9.702468,2.910166,,4.717857
2026.07.31-05.08.48:734,824,PL_Level1,0.0,0.0,0.0,60.79157,16.449649,7.219751,4.920792,9.538537,2.562003,,4.734307
2026.07.31-05.08.48:749,826,PL_Level1,0.0,0.0,0.0,64.714517,15.452483,6.759453,4.878366,8.713759,2.27189,,4.749759
2026.07.31-05.08.48:765,828,PL_Level1,0.0,0.0,0.0,63.012602,15.869841,5.833234,4.465434,9.797854,2.76326,,4.765629
2026.07.31-05.08.48:781,830,PL_Level1,0.0,0.0,0.0,63.021101,15.867701,6.428217,4.999028,8.688742,2.176889,,4.781497
2026.07.31-05.08.48:805,832,PL_Level1,0.0,0.0,0.0,41.191356,24.276938,9.7934,6.714204,12.449666,3.470157,,4.805774
2026.07.31-05.08.48:821,834,PL_Level1,0.0,0.0,0.0,61.895528,16.156256,6.382365,4.635723,9.039667,2.669542,,4.82193
2026.07.31-05.08.48:838,836,PL_Level1,0.0,0.0,0.0,59.7823,16.727359,7.050096,5.699494,10.286685,2.742595,,4.838658
2026.07.31-05.08.48:853,838,PL_Level1,0.0,0.0,0.0,65.601379,15.243582,6.319943,3.849093,8.705806,3.004793,,4.853901
2026.07.31-05.08.48:870,840,PL_Level1,0.0,0.0,0.0,61.107933,16.364487,6.17777,4.537583,10.580822,2.557526,,4.870266
2026.07.31-05.08.48:886,842,PL_Level1,0.0,0.0,0.0,61.279468,16.31868,6.279708,5.606651,10.25497,2.155674,,4.886584
2026.07.31-05.08.48:901,844,PL_Level1,0.0,0.0,0.0,65.467841,15.274675,6.70309,4.043272,9.449572,1.966521,,4.901859
2026.07.31-05.08.48:917,846,PL_Level1,0.0,0.0,0.0,63.983093,15.629129,5.979348,4.528396,9.627185,2.397538,,4.917488
2026.07.31-05.08.48:933,848,PL_Level1,0.0,0.0,0.0,63.634391,15.714773,6.19804,4.642294,9.227221,1.759361,,4.933203
2026.07.31-05.08.48:948,850,PL_Level1,0.0,0.0,0.0,64.01307,15.62181,6.987474,4.925006,9.922543,2.480898,,4.948825
2026.07.31-05.08.48:964,852,PL_Level1,0.0,0.0,0.0,64.980709,15.389183,6.705499,4.788765,9.056239,2.139489,,4.964214
2026.07.31-05.08.48:979,854,PL_Level1,0.0,0.0,0.0,63.744645,15.687592,6.587162,4.905137,8.720426,2.120958,,4.979901
2026.07.31-05.08.48:996,856,PL_Level1,0.0,0.0,0.0,61.322257,16.307293,6.203331,5.610379,8.63284,1.944608,,4.996209
2026.07.31-05.08.49:011,858,PL_Level1,0.0,0.0,0.0,64.777798,15.437388,6.373712,4.465704,9.601503,2.308528,,5.011646
2026.07.31-05.08.49:027,860,PL_Level2,0.0,0.0,0.0,64.349683,15.540092,6.436738,4.646197,8.635172,1.612491,,5.027186
2026.07.31-05.08.49:042,862,PL_Level2,0.0,0.0,0.0,65.50933,15.265001,5.971,5.287757,9.443471,2.453366,,5.042451
2026.07.31-05.08.49:058,864,PL_Level2,0.0,0.0,0.0,61.911839,16.152,5.711538,4.244992,10.457619,2.076419,,5.058603
2026.07.31-05.08.49:074,866,PL_Level2,0.0,0.0,0.0,62.722596,15.943218,6.16449,5.497559,8.925109,3.037295,,5.074546
2026.07.31-05.08.49:090,868,PL_Level2,0.0,0.0,0.0,64.433479,15.519882,6.220576,5.351691,8.553181,2.368896,,5.090066
2026.07.31-05.08.49:106,870,PL_Level2,0.0,0.0,0.0,62.454911,16.011551,7.125368,5.529549,8.414293,2.850996,,5.106078
2026.07.31-05.08.49:122,872,PL_Level2,0.0,0.0,0.0,60.366328,16.565526,7.00307,4.252419,9.463931,3.066592,,5.122643
2026.07.31-05.08.49:138,874,PL_Level2,0.0,0.0,0.0,64.213067,15.573154,5.61868,4.792742,9.314347,2.92617,,5.138217
2026.07.31-05.08.49:153,876,PL_Level2,0.0,0.0,0.0,65.278613,15.318953,5.823381,5.11373,8.378211,2.865611,,5.153536
2026.07.31-05.08.49:169,878,PL_Level2,0.0,0.0,0.0,63.759275,15.683993,6.307606,4.413007,8.984573,1.922024,,5.16922
2026.07.31-05.08.49:184,880,PL_Level2,0.0,0.0,0.0,64.788976,15.434725,6.098438,4.770197,8.960798,2.011632,,5.184654
2026.07.31-05.08.49:200,882,PL_Level2,0.0,0.0,0.0,64.583446,15.483844,5.427277,4.268037,8.381182,2.644545,,5.200138
2026.07.31-05.08.49:215,884,PL_Level2,0.0,0.0,0.0,64.003273,15.624201,6.929489,4.108561,7.867203,2.402406,,5.215762
2026.07.31-05.08.49:231,886,PL_Level2,0.0,0.0,0.0,64.198118,15.576781,6.860076,5.221736,8.292199,2.506822,,5.231339
2026.07.31-05.08.49:246,888,PL_Level2,0.0,0.0,0.0,66.022027,15.14646,6.700407,5.272817,9.397961,2.541166,,5.246486
2026.07.31-05.08.49:262,890,PL_Level2,0.0,0.0,0.0,62.553592,15.986292,6.280303,4.108072,8.659924,1.781277,,5.262472
2026.07.31-05.08.49:277,892,PL_Level2,0.0,0.0,0.0,65.158684,15.347149,6.650496,4.02298,7.705393,1.793017,,5.277819
2026.07.31-05.08.49:293,894,PL_Level2,0.0,0.0,0.0,62.224449,16.070854,6.763479,4.963655,9.05982,2.632143,,5.29389
2026.07.31-05.08.49:309,896,PL_Level2,0.0,0.0,0.0,62.797747,15.924138,6.388358,4.118478,9.592234,2.588264,,5.309814
2026.07.31-05.08.49:325,898,PL_Level2,0.0,0.0,0.0,65.775451,15.20324,5.4384,4.760386,9.317479,2.763085,,5.325017
2026.07.31-05.08.49:341,900,PL_Level2,0.0,0.0,0.0,62.155998,16.088552,5.901043,5.179686,9.04313,2.72505,,5.341106
2026.07.31-05.08.49:356,902,PL_Level2,0.0,0.0,0.0,63.595046,15.724495,5.878183,4.583108,9.211075,1.899011,,5.35683
2026.07.31-05.08.49:371,904,PL_Level2,0.0,0.0,0.0,67.483669,14.8184,6.514036,4.825231,9.066286,1.585676,,5.371649
2026.07.31-05.08.49:386,906,PL_Level2,0.0,0.0,0.0,65.461725,15.276102,6.363059,3.992606,9.675673,2.124944,,5.386925
2026.07.31-05.08.49:402,908,PL_Level2,0.0,0.0,0.0,62.796941,15.924343,7.138932,4.460785,9.490667,2.183661,,5.402849
2026.07.31-05.08.49:418,910,PL_Level2,0.0,0.0,0.0,63.030821,15.865254,6.451498,5.247653,9.576734,2.80405,,5.418714
2026.07.31-05.08.49:434,912,PL_Level2,0.0,0.0,0.0,63.598821,15.723562,5.636433,4.069805,8.09451,2.628167,,5.434438
2026.07.31-05.08.49:449,914,PL_Level2,0.0,0.0,0.0,65.793939,15.198968,6.04579,4.233043,8.558046,2.845555,,5.449637
2026.07.31-05.08.49:465,916,PL_Level2,0.0,0.0,0.0,62.293188,16.05312,5.798041,5.01044,10.167144,2.414809,,5.46569
2026.07.31-05.08.49:481,918,PL_Level2,0.0,0.0,0.0,62.169669,16.085014,7.079599,4.419184,8.430285,2.072874,,5.481775
2026.07.31-05.08.49:497,920,PL_Level2,0.0,0.0,0.0,64.797864,15.432607,5.831109,4.600269,8.433826,2.321451,,5.497208
2026.07.31-05.08.49:513,922,PL_Level2,0.0,0.0,0.0,61.168711,16.348227,6.044381,5.455717,9.836639,1.98713,,5.513556
2026.07.31-05.08.49:529,924,PL_Level2,0.0,0.0,0.0,62.284077,16.055468,6.440862,4.446829,10.200217,1.702732,,5.529611
2026.07.31-05.08.49:545,926,PL_Level2,0.0,0.0,0.0,63.481054,15.752732,6.784838,4.624767,8.015873,2.36241,,5.545364
2026.07.31-05.08.49:561,928,PL_Level2,0.0,0.0,0.0,63.513696,15.744636,6.314147,3.964897,9.928155,2.22567,,5.561109
2026.07.31-05.08.49:577,930,PL_Level2,0.0,0.0,0.0,61.471008,16.267831,5.755911,5.219321,8.671542,1.679213,,5.577377
2026.07.31-05.08.49:593,932,PL_Level2,0.0,0.0,0.0,63.999861,15.625034,6.629632,4.46104,9.830152,2.689496,,5.593002
2026.07.31-05.08.49:608,934,PL_Level2,0.0,0.0,0.0,64.249043,15.564434,5.500582,5.229733,9.858284,2.559339,,5.608566
2026.07.31-05.08.49:624,936,PL_Level2,0.0,0.0,0.0,62.37167,16.03292,6.580517,4.15022,9.881447,1.721618,,5.624599
2026.07.31-05.08.49:639,938,PL_Level2,0.0,0.0,0.0,65.801445,15.197235,6.2566,4.988082,9.704536,2.598763,,5.639796
2026.07.31-05.08.49:655,940,PL_Level2,0.0,0.0,0.0,63.762554,15.683186,5.81614,5.197086,10.102696,1.69821,,5.655479
2026.07.31-05.08.49:671,942,PL_Level2,0.0,0.0,0.0,61.68666,16.21096,6.397778,5.310822,10.355203,2.460267,,5.67169
2026.07.31-05.08.49:686,944,PL_Level2,0.0,0.0,0.0,65.563926,15.25229,5.347745,4.933169,8.800104,2.474298,,5.686943
2026.07.31-05.08.49:702,946,PL_Level2,0.0,0.0,0.0,62.284618,16.055328,6.074821,4.395611,9.144337,2.406671,,5.702998
2026.07.31-05.08.49:718,948,PL_Level2,0.0,0.0,0.0,63.272846,15.804568,6.510457,4.60977,8.151695,2.7617,,5.718802
2026.07.31-05.08.49:734,950,PL_Level2,0.0,0.0,0.0,62.207417,16.075254,6.083148,4.639242,8.558684,2.227333,,5.734878
2026.07.31-05.08.49:750,952,PL_Level2,0.0,0.0,0.0,63.805035,15.672744,5.560111,4.295959,9.370026,1.901034,,5.75055
2026.07.31-05.08.49:766,954,PL_Level2,0.0,0.0,0.0,62.075937,16.109302,6.724448,4.819404,8.362359,2.394499,,5.76666
2026.07.31-05.08.49:782,956,PL_Level2,0.0,0.0,0.0,62.094621,16.104455,6.832146,5.149453,10.328706,2.161599,,5.782764
2026.07.31-05.08.49:798,958,PL_Level2,0.0,0.0,0.0,62.41191,16.022583,6.990631,4.77269,8.556971,1.844642,,5.798787
2026.07.31-05.08.49:814,960,PL_Level2,0.0,0.0,0.0,61.823266,16.17514,7.077507,5.619995,8.300915,2.379498,,5.814962
2026.07.31-05.08.49:830,962,PL_Level2,0.0,0.0,0.0,64.106618,15.599014,6.23386,5.005347,8.349946,1.874113,,5.830561
2026.07.31-05.08.49:847,964,PL_Level2,0.0,0.0,0.0,60.533349,16.51982,6.454887,4.861286,8.381111,2.428903,,5.847081
2026.07.31-05.08.49:863,966,PL_Level2,0.0,0.0,0.0,62.283947,16.055501,6.560061,4.662449,8.427749,2.556884,,5.863136
2026.07.31-05.08.49:879,968,PL_Level2,0.0,0.0,0.0,62.392034,16.027687,6.880156,4.942308,9.426726,2.856451,,5.879164
2026.07.31-05.08.49:895,970,PL_Level2,0.0,0.0,0.0,61.987642,16.132248,6.413104,4.729594,8.765852,2.989573,,5.895296
2026.07.31-05.08.49:911,972,PL_Level2,0.0,0.0,0.0,63.54244,15.737513,7.074275,4.283654,9.759998,2.625274,,5.911034
2026.07.31-05.08.49:927,974,PL_Level2,0.0,0.0,0.0,59.748161,16.736917,6.924925,5.056299,9.384558,3.169206,,5.927771
2026.07.31-05.08.49:943,976,PL_Level2,0.0,0.0,0.0,62.768799,15.931482,6.066878,5.054605,9.671918,2.481789,,5.943702
2026.07.31-05.08.49:960,978,PL_Level2,0.0,0.0,0.0,59.961136,16.677469,7.16082,4.767163,10.110617,2.852568,,5.96038
2026.07.31-05.08.49:976,980,PL_Level2,0.0,0.0,0.0,60.975898,16.399923,5.987228,4.564629,8.533974,2.903381,,5.97678
2026.07.31-05.08.49:993,982,PL_Level2,0.0,0.0,0.0,59.626939,16.770943,7.439233,4.557324,8.52781,3.060439,,5.99355
2026.07.31-05.08.50:009,984,PL_Level2,0.0,0.0,0.0,61.058719,16.377677,6.289605,4.688637,10.257325,2.869126,,6.009928
2026.07.31-05.08.50:026,986,PL_Level2,0.0,0.0,0.0,60.596947,16.502482,6.906367,4.528888,9.986108,3.139455,,6.026431
2026.07.31-05.08.50:042,988,PL_Level2,0.0,0.0,0.0,63.828165,15.667065,6.463147,5.112318,8.244748,2.307531,,6.042098
2026.07.31-05.08.50:058,990,PL_Level2,0.0,0.0,0.0,61.638443,16.223641,5.833816,5.092137,9.766612,3.169259,,6.058321
2026.07.31-05.08.50:085,992,PL_Level2,0.0,0.0,0.0,36.893577,27.104989,11.442696,7.553977,14.892028,3.795475,,6.085426
2026.07.31-05.08.50:102,994,PL_Level2,0.0,0.0,0.0,59.424078,16.828196,6.414603,5.876122,8.557358,1.800937,,6.102255
2026.07.31-05.08.50:118,996,PL_Level2,0.0,0.0,0.0,62.098871,16.103352,6.250002,5.065587,8.604253,1.903602,,6.118358
2026.07.31-05.08.50:134,998,PL_Level2,0.0,0.0,0.0,63.348899,15.785594,5.677328,4.171301,9.682421,2.459815,,6.134143
2026.07.31-05.08.50:150,1000,PL_Level2,0.0,0.0,0.0,62.098671,16.103404,6.940703,5.361366,8.995508,1.633832,,6.150247
2026.07.31-05.08.50:167,1002,PL_Level2,0.0,0.0,0.0,58.727539,17.027787,7.424578,5.540334,9.905562,1.970786,,6.167275
2026.07.31-05.08.50:183,1004,PL_Level2,0.0,0.0,0.0,59.900662,16.694306,6.067157,5.00834,8.689075,2.293927,,6.183969
2026.07.31-05.08.50:200,1006,PL_Level2,0.0,0.0,0.0,60.660553,16.485178,7.109418,4.506163,8.471718,2.677683,,6.200454
2026.07.31-05.08.50:217,1008,PL_Level2,0.0,0.0,0.0,59.532705,16.79749,7.387535,5.561441,9.00157,1.957832,,6.217252
2026.07.31-05.08.50:232,1010,PL_Level2,0.0,0.0,0.0,64.098319,15.601033,5.612151,4.09452,8.906328,2.456951,,6.232853
2026.07.31-05.08.50:249,1012,PL_Level2,0.0,0.0,0.0,59.475615,16.813613,7.561801,4.906272,10.542954,2.796349,,6.249666
2026.07.31-05.08.50:266,1014,PL_Level2,0.0,0.0,0.0,60.034075,16.657207,5.837602,5.525733,10.235999,2.937764,,6.266323
2026.07.31-05.08.50:283,1016,PL_Level2,0.0,0.0,0.0,59.09877,16.920826,7.347709,5.586311,8.866676,2.809667,,6.283244
2026.07.31-05.08.50:299,1018,PL_Level2,0.0,0.0,0.0,60.246648,16.598434,6.736127,5.195131,8.477164,2.074942,,6.299843
2026.07.31-05.08.50:316,1020,PL_Level2,0.0,0.0,0.0,61.872721,16.162211,7.203956,4.053066,8.627811,3.228176,,6.316005
2026.07.31-05.08.50:332,1022,PL_Level2,0.0,0.0,0.0,59.871679,16.702388,6.410543,4.731991,10.486582,3.153826,,6.332707
2026.07.31-05.08.50:349,1024,PL_Level2,0.0,0.0,0.0,59.271263,16.871583,6.513861,5.657376,9.741266,2.317344,,6.349579
2026.07.31-05.08.50:366,1026,PL_Level2,0.0,0.0,0.0,57.889554,17.274274,7.497687,5.564676,10.727935,1.77785,,6.366853
2026.07.31-05.08.50:383,1028,PL_Level2,0.0,0.0,0.0,61.214624,16.335966,6.878562,5.408177,9.073605,2.497293,,6.383189
2026.07.31-05.08.50:400,1030,PL_Level2,0.0,0.0,0.0,59.087152,16.924153,6.93978,4.337629,9.960989,3.156676,,6.400113
2026.07.31-05.08.50:417,1032,PL_Level2,0.0,0.0,0.0,58.924408,16.970896,7.033392,5.839294,9.99942,3.092001,,6.417084
2026.07.31-05.08.50:435,1034,PL_Level2,0.0,0.0,0.0,55.598303,17.98616,7.52296,4.908513,10.683945,3.412977,,6.43507
2026.07.31-05.08.50:452,1036,PL_Level2,0.0,0.0,0.0,58.818699,17.001396,6.031826,4.815294,9.699682,3.348453,,6.452072
2026.07.31-05.08.50:469,1038,PL_Level2,0.0,0.0,0.0,58.3113,17.149335,6.204258,5.728878,9.190087,2.937729,,6.469221
2026.07.31-05.08.50:487,1040,PL_Level2,0.0,0.0,0.0,56.078064,17.832285,6.564522,5.182453,10.062272,2.07282,,6.487053
2026.07.31-05.08.50:503,1042,PL_Level2,0.0,0.0,0.0,60.20634,16.609546,6.106976,5.220508,10.733318,1.721435,,6.503663
2026.07.31-05.08.50:524,1044,PL_Level2,0.0,0.0,0.0,46.966388,21.291822,9.24684,6.499038,11.514976,2.451556,,6.524955
2026.07.31-05.08.50:541,1046,PL_Level2,0.0,0.0,0.0,61.377437,16.292632,6.345182,5.484224,9.91772,1.956908,,6.541247
2026.07.31-05.08.50:557,1048,PL_Level2,0.0,0.0,0.0,60.563171,16.511685,6.587211,4.385708,10.595703,1.752534,,6.557759
2026.07.31-05.08.50:575,1050,PL_Level2,0.0,0.0,0.0,57.270052,17.461133,6.267493,4.536038,10.213686,2.537891,,6.57522
2026.07.31-05.08.50:591,1052,PL_Level2,0.0,0.0,0.0,60.313309,16.580089,7.246482,5.19347,9.507029,2.957685,,6.5918
2026.07.31-05.08.50:608,1054,PL_Level2,0.0,0.0,0.0,60.58567,16.505553,5.793884,5.520516,8.551951,1.657573,,6.608306
2026.07.31-05.08.50:625,1056,PL_Level2,0.0,0.0,0.0,57.242965,17.469396,6.259802,5.979952,10.708566,3.150826,,6.625775
2026.07.31-05.08.50:643,1058,PL_Level2,0.0,0.0,0.0,56.445389,17.716239,7.639436,5.137578,11.280348,3.41092,,6.643491
2026.07.31-05.08.50:661,1060,PL_Level2,0.0,0.0,0.0,54.675462,18.28974,6.640268,5.916469,11.835341,2.106952,,6.661781
2026.07.31-05.08.50:678,1062,PL_Level2,0.0,0.0,0.0,58.394578,17.124878,7.352323,4.950436,9.080443,1.749043,,6.678906
2026.07.31-05.08.50:696,1064,PL_Level2,0.0,0.0,0.0,56.280708,17.768078,6.841452,5.0086,11.336181,2.628547,,6.696674
2026.07.31-05.08.50:713,1066,PL_Level2,0.0,0.0,0.0,58.27463,17.160126,7.337838,4.33158,9.53314,3.206421,,6.713834
2026.07.31-05.08.50:731,1068,PL_Level2,0.0,0.0,0.0,56.726771,17.628361,6.258695,4.847994,10.451377,3.061749,,6.731463
2026.07.31-05.08.50:749,1070,PL_Level2,0.0,0.0,0.0,56.33012,17.752492,6.819197,4.740221,9.471799,1.836849,,6.749215
2026.07.31-05.08.50:766,1072,PL_Level2,0.0,0.0,0.0,56.580213,17.674023,7.036513,4.893252,9.495519,2.957331,,6.766889
2026.07.31-05.08.50:784,1074,PL_Level2,0.0,0.0,0.0,55.397068,18.051497,7.447514,5.03407,10.701717,3.281302,,6.784941
2026.07.31-05.08.50:802,1076,PL_Level2,0.0,0.0,0.0,56.429865,17.721113,7.684264,5.952361,10.149323,2.252441,,6.802662
2026.07.31-05.08.50:820,1078,PL_Level2,0.0,0.0,0.0,56.095582,17.826716,6.675158,4.819232,11.492166,2.947493,,6.820489
2026.07.31-05.08.50:837,1080,PL_Level2,0.0,0.0,0.0,57.108723,17.51046,7.282405,5.812245,9.449863,2.615973,,6.837999
2026.07.31-05.08.50:855,1082,PL_Level2,0.0,0.0,0.0,57.217593,17.477142,6.382251,5.87117,11.040407,2.107095,,6.855476
2026.07.31-05.08.50:873,1084,PL_Level2,0.0,0.0,0.0,55.38753,18.054606,7.754756,5.350981,10.274356,3.4331,,6.873531
2026.07.31-05.08.50:890,1086,PL_Level2,0.0,0.0,0.0,58.580465,17.070537,7.567747,5.504421,8.879805,2.087741,,6.890601
2026.07.31-05.08.50:908,1088,PL_Level2,0.0,0.0,0.0,56.626787,17.659487,6.264313,4.977516,9.463172,3.250185,,6.908261
2026.07.31-05.08.50:925,1090,PL_Level2,0.0,0.0,0.0,59.058642,16.932323,6.061531,4.263171,10.385524,2.881298,,6.925193
2026.07.31-05.08.50:942,1092,PL_Level2,0.0,0.0,0.0,57.107445,17.510852,7.507849,5.620373,10.926685,2.137916,,6.942704
2026.07.31-05.08.50:960,1094,PL_Level2,0.0,0.0,0.0,56.79235,17.608005,7.712711,5.469773,8.908497,3.013299,,6.960312
2026.07.31-05.08.50:978,1096,PL_Level2,0.0,0.0,0.0,55.897169,17.889994,7.421159,5.297878,10.045311,1.835522,,6.978202
2026.07.31-05.08.50:995,1098,PL_Level2,0.0,0.0,0.0,57.502941,17.390415,6.888669,5.910463,9.984287,2.149928,,6.995592
2026.07.31-05.08.51:013,1100,PL_Level2,0.0,0.0,0.0,56.580215,17.674023,7.545159,5.703863,10.467528,2.271828,,7.013266
2026.07.31-05.08.51:030,1102,PL_Level2,0.0,0.0,0.0,57.768916,17.310347,6.577429,5.064283,10.344535,3.270253,,7.030577
2026.07.31-05.08.51:047,1104,PL_Level2,0.0,0.0,0.0,58.841761,16.994733,7.633616,4.339399,10.614635,3.25515,,7.047571
2026.07.31-05.08.51:065,1106,PL_Level2,0.0,0.0,0.0,55.300267,18.083095,7.862518,6.105008,9.783107,2.298347,,7.065655
2026.07.31-05.08.51:083,1108,PL_Level2,0.0,0.0,0.0,57.268777,17.461522,7.660602,6.084717,9.023926,2.574978,,7.083116
2026.07.31-05.08.51:100,1110,PL_Level2,0.0,0.0,0.0,57.186573,17.486622,7.615219,5.481219,9.232465,3.46519,,7.100603
2026.07.31-05.08.51:118,1112,PL_Level2,0.0,0.0,0.0,56.95869,17.556584,7.782633,5.737844,11.245465,2.924887,,7.118159
2026.07.31-05.08.51:136,1114,PL_Level2,0.0,0.0,0.0,55.586677,17.989922,6.412498,5.407815,10.470177,1.924404,,7.136149
2026.07.31-05.08.51:154,1116,PL_Level2,0.0,0.0,0.0,55.584332,17.990681,7.931422,4.923407,9.586591,2.503281,,7.15414
2026.07.31-05.08.51:172,1118,PL_Level2,0.0,0.0,0.0,55.297637,18.083955,6.778957,6.170368,11.173709,2.570523,,7.172224
2026.07.31-05.08.51:190,1120,PL_Level2,0.0,0.0,0.0,55.239954,18.102839,6.986199,5.77182,10.645395,2.364949,,7.190327
2026.07.31-05.08.51:208,1122,PL_Level2,0.0,0.0,0.0,54.859822,18.228276,7.055383,5.557005,10.118501,2.77054,,7.208555
2026.07.31-05.08.51:226,1124,PL_Level2,0.0,0.0,0.0,55.940166,17.876243,6.672189,5.688371,8.987199,3.103353,,7.226431
2026.07.31-05.08.51:244,1126,PL_Level2,0.0,0.0,0.0,54.939528,18.201831,7.168656,5.482139,11.238138,3.078841,,7.244633
2026.07.31-05.08.51:262,1128,PL_Level2,0.0,0.0,0.0,56.711516,17.633103,7.062975,4.511226,10.71416,2.383199,,7.262266
2026.07.31-05.08.51:280,1130,PL_Level2,0.0,0.0,0.0,56.12774,17.816502,6.500643,5.630801,9.608725,3.094085,,7.280083
2026.07.31-05.08.51:297,1132,PL_Level2,0.0,0.0,0.0,56.282725,17.767441,6.857377,4.451129,9.591629,2.725657,,7.29785
2026.07.31-05.08.51:315,1134,PL_Level2,0.0,0.0,0.0,55.608021,17.983017,6.920128,4.892002,9.723835,3.182119,,7.315833
2026.07.31-05.08.51:333,1136,PL_Level2,0.0,0.0,0.0,56.113305,17.821085,7.439716,4.733243,10.702684,1.985071,,7.333654
2026.07.31-05.08.51:351,1138,PL_Level2,0.0,0.0,0.0,55.63317,17.974888,7.335163,5.105088,9.780615,2.52504,,7.351629
2026.07.31-05.08.51:369,1140,PL_Level2,0.0,0.0,0.0,57.170161,17.491642,7.374667,5.961704,9.560134,2.439471,,7.369121
2026.07.31-05.08.51:387,1142,PL_Level2,0.0,0.0,0.0,55.336455,18.07127,7.74163,4.661848,10.056532,2.442879,,7.387192
2026.07.31-05.08.51:404,1144,PL_Level2,0.0,0.0,0.0,56.565018,17.678771,7.366755,5.051543,11.438699,3.001915,,7.404871
2026.07.31-05.08.51:423,1146,PL_Level2,0.0,0.0,0.0,54.046366,18.502631,6.922286,6.031047,10.52827,2.881098,,7.423373
2026.07.31-05.08.51:440,1148,PL_Level2,0.0,0.0,0.0,57.080723,17.519049,7.011333,5.891817,9.751213,2.427951,,7.440892
2026.07.31-05.08.51:459,1150,PL_Level2,0.0,0.0,0.0,55.182898,18.121556,7.188051,5.86437,10.33841,2.784019,,7.459014
2026.07.31-05.08.51:477,1152,PL_Level2,0.0,0.0,0.0,54.665048,18.293225,6.53809,6.338989,11.120095,3.117884,,7.477307
2026.07.31-05.08.51:495,1154,PL_Level2,0.0,0.0,0.0,54.3394,18.402853,8.0871,5.8814,11.640791,3.082712,,7.49571
2026.07.31-05.08.51:514,1156,PL_Level2,0.0,0.0,0.0,54.237332,18.437485,6.621704,5.982597,11.958927,3.24624,,7.514148
2026.07.31-05.08.51:532,1158,PL_Level2,0.0,0.0,0.0,55.361082,18.063231,8.085902,5.278198,10.348599,3.344362,,7.532211
2026.07.31-05.08.51:549,1160,PL_Level2,0.0,0.0,0.0,58.352753,17.137152,6.052407,4.801921,9.751407,2.980822,,7.549348
2026.07.31-05.08.51:567,1162,PL_Level2,0.0,0.0,0.0,55.163784,18.127836,7.667492,5.369239,9.962093,2.139337,,7.567476
2026.07.31-05.08.51:586,1164,PL_Level2,0.0,0.0,0.0,52.841387,18.92456,7.167818,6.184389,11.673878,3.494569,,7.5864
2026.07.31-05.08.51:604,1166,PL_Level2,0.0,0.0,0.0,56.732122,17.626698,7.764061,5.552874,10.546722,2.347917,,7.604027
2026.07.31-05.08.51:622,1168,PL_Level2,0.0,0.0,0.0,54.543702,18.333922,7.927647,5.998674,10.166246,3.054387,,7.622361
2026.07.31-05.08.51:639,1170,PL_Level2,0.0,0.0,0.0,57.470828,17.400132,6.133566,5.442042,10.05347,3.464314,,7.639761
2026.07.31-05.08.51:657,1172,PL_Level2,0.0,0.0,0.0,55.652875,17.968524,6.328425,5.809406,9.539006,2.326281,,7.65773
2026.07.31-05.08.51:675,1174,PL_Level2,0.0,0.0,0.0,55.911674,17.885353,7.338702,4.749758,10.804524,2.271817,,7.675615
2026.07.31-05.08.51:692,1176,PL_Level2,0.0,0.0,0.0,58.159146,17.1942,6.275181,4.855055,9.247359,2.032635,,7.692809
2026.07.31-05.08.51:710,1178,PL_Level2,0.0,0.0,0.0,57.332541,17.442101,6.129431,5.339362,9.635573,3.460649,,7.710251
2026.07.31-05.08.51:728,1180,PL_Level2,0.0,0.0,0.0,54.581395,18.321261,8.185504,4.610632,9.347833,2.614326,,7.728572
2026.07.31-05.08.51:746,1182,PL_Level2,0.0,0.0,0.0,54.849303,18.231772,7.534941,6.221223,9.71718,3.252303,,7.746804
2026.07.31-05.08.51:765,1184,PL_Level2,0.0,0.0,0.0,53.872316,18.56241,6.516951,5.085153,9.823828,1.947641,,7.765367
2026.07.31-05.08.51:781,1186,PL_Level2,0.0,0.0,0.0,60.50402,16.527827,6.595462,4.278232,10.086867,1.950984,,7.781894
2026.07.31-05.08.51:799,1188,PL_Level2,0.0,0.0,0.0,55.35883,18.063966,6.606962,5.715891,10.913709,1.920533,,7.799958
2026.07.31-05.08.51:817,1190,PL_Level2,0.0,0.0,0.0,58.463405,17.104717,7.363892,4.607564,9.933078,3.105592,,7.817063
2026.07.31-05.08.51:834,1192,PL_Level2,0.0,0.0,0.0,55.968125,17.867313,6.304807,5.470855,9.971005,1.977114,,7.83493
2026.07.31-05.08.51:853,1194,PL_Level2,0.0,0.0,0.0,55.206626,18.113768,7.011687,4.979432,11.473477,3.48357,,7.853044
2026.07.31-05.08.51:870,1196,PL_Level2,0.0,0.0,0.0,56.920606,17.56833,6.567092,4.683614,11.113945,2.922944,,7.870613
2026.07.31-05.08.51:888,1198,PL_Level2,0.0,0.0,0.0,56.462069,17.711005,7.936077,5.729503,10.457025,3.381984,,7.888324
2026.07.31-05.08.51:905,1200,PL_Level2,0.0,0.0,0.0,58.220583,17.176056,6.145785,4.961085,10.283171,2.419864,,7.9055
2026.07.31-05.08.51:922,1202,PL_Level2,0.0,0.0,0.0,58.306916,17.150624,7.237373,5.272853,10.624256,2.616598,,7.92265
2026.07.31-05.08.51:940,1204,PL_Level2,0.0,0.0,0.0,56.269519,17.771611,7.069596,4.826991,10.812537,1.826161,,7.940422
2026.07.31-05.08.51:958,1206,PL_Level2,0.0,0.0,0.0,55.065968,18.160037,7.838761,5.543196,9.692651,2.662091,,7.958582
2026.07.31-05.08.51:976,1208,PL_Level2,0.0,0.0,0.0,55.503056,18.017026,6.691964,5.263188,10.368872,2.865999,,7.976599
2026.07.31-05.08.51:995,1210,PL_Level2,0.0,0.0,0.0,53.949706,18.535782,8.07288,4.728894,9.69019,2.04003,,7.995135
2026.07.31-05.08.52:012,1212,PL_Level2,0.0,0.0,0.0,57.037936,17.532191,7.802469,5.657098,10.894629,3.47354,,8.012667
2026.07.31-05.08.52:030,1214,PL_Level2,0.0,0.0,0.0,57.509751,17.388356,6.456483,5.30756,10.398872,1.746471,,8.030055
2026.07.31-05.08.52:047,1216,PL_Level2,0.0,0.0,0.0,55.892581,17.891462,6.696318,6.132012,11.573337,2.267654,,8.047947
2026.07.31-05.08.52:065,1218,PL_Level2,0.0,0.0,0.0,55.792213,17.923648,8.000521,5.929053,9.328837,2.895783,,8.06587
2026.07.31-05.08.52:083,1220,PL_Level2,0.0,0.0,0.0,57.745877,17.317254,6.812828,5.318335,9.98378,2.593498,,8.083188
2026.07.31-05.08.52:100,1222,PL_Level2,0.0,0.0,0.0,56.905776,17.572908,7.618283,4.468895,10.694899,2.177633,,8.100761
2026.07.31-05.08.52:118,1224,PL_Level2,0.0,0.0,0.0,57.619362,17.355277,7.536407,5.643795,10.935584,3.448066,,8.118116
2026.07.31-05.08.52:135,1226,PL_Level2,0.0,0.0,0.0,57.474254,17.399095,6.630539,5.305061,10.9268,2.068539,,8.135515
2026.07.31-05.08.52:152,1228,PL_Level2,0.0,0.0,0.0,58.485756,17.09818,6.290053,5.702297,9.067164,2.681596,,8.152613
2026.07.31-05.08.52:170,1230,PL_Level2,0.0,0.0,0.0,57.353492,17.43573,6.741578,5.366273,11.286987,1.945625,,8.170049
2026.07.31-05.08.52:187,1232,PL_Level2,0.0,0.0,0.0,57.558167,17.373729,7.109161,4.346955,11.244302,1.834909,,8.187423
2026.07.31-05.08.52:205,1234,PL_Level2,0.0,0.0,0.0,55.559527,17.998713,7.19424,5.966415,11.615628,2.677978,,8.205421
2026.07.31-05.08.52:222,1236,PL_Level2,0.0,0.0,0.0,58.398678,17.123675,7.254953,5.649569,10.137934,3.09031,,8.222545
2026.07.31-05.08.52:239,1238,PL_Level2,0.0,0.0,0.0,58.700121,17.03574,6.897446,4.428275,10.643765,2.608708,,8.239581
2026.07.31-05.08.52:256,1240,PL_Level2,0.0,0.0,0.0,58.394335,17.124949,7.373172,5.452281,8.757785,2.215336,,8.256706
2026.07.31-05.08.52:272,1242,PL_Level2,0.0,0.0,0.0,61.623274,16.227635,5.848339,4.910646,8.735645,1.649912,,8.272933
2026.07.31-05.08.52:289,1244,PL_Level2,0.0,0.0,0.0,59.095107,16.921875,6.665686,5.228719,8.694449,3.283744,,8.289855
2026.07.31-05.08.52:306,1246,PL_Level2,0.0,0.0,0.0,58.712357,17.03219,5.988625,5.772811,9.807716,2.064105,,8.306887
2026.07.31-05.08.52:323,1248,PL_Level2,0.0,0.0,0.0,59.792583,16.724482,6.055613,4.598511,10.782433,2.63339,,8.323612
2026.07.31-05.08.52:339,1250,PL_Level2,0.0,0.0,0.0,62.31055,16.048647,6.149051,4.033282,9.58707,1.629782,,8.33966
2026.07.31-05.08.52:356,1252,PL_Level2,0.0,0.0,0.0,59.618266,16.773383,7.382826,4.543175,9.547205,1.840383,,8.356434
2026.07.31-05.08.52:374,1254,PL_Level2,0.0,0.0,0.0,56.002358,17.856391,6.928557,6.098183,11.051773,2.0895,,8.37429
2026.07.31-05.08.52:390,1256,PL_Level2,0.0,0.0,0.0,60.084487,16.643231,6.280268,4.512684,9.695521,1.85125,,8.390933
2026.07.31-05.08.52:408,1258,PL_Level2,0.0,0.0,0.0,58.216714,17.177198,7.164246,5.45292,9.767764,2.629406,,8.408111
2026.07.31-05.08.52:425,1260,PL_Level2,0.0,0.0,0.0,56.751313,17.620738,7.406826,5.796669,10.473753,2.461711,,8.425731
2026.07.31-05.08.52:441,1262,PL_Level2,0.0,0.0,0.0,62.281054,16.056247,6.39252,5.319772,9.260763,2.892188,,8.441788
2026.07.31-05.08.52:457,1264,PL_Level2,0.0,0.0,0.0,62.056734,16.114287,6.104928,4.04539,9.60785,1.798683,,8.457902
2026.07.31-05.08.52:474,1266,PL_Level2,0.0,0.0,0.0,58.576754,17.071618,6.490306,4.283956,10.591156,2.443065,,8.474974
2026.07.31-05.08.52:492,1268,PL_Level2,0.0,0.0,0.0,58.68657,17.039674,6.28005,5.945159,9.701756,2.433693,,8.492013
2026.07.31-05.08.52:508,1270,PL_Level2,0.0,0.0,0.0,60.374743,16.563218,6.397691,5.014393,9.312722,2.03862,,8.508576
2026.07.31-05.08.52:525,1272,PL_Level2,0.0,0.0,0.0,58.906615,16.976022,6.227235,4.352148,9.910599,1.860507,,8.525552
2026.07.31-05.08.52:542,1274,PL_Level2,0.0,0.0,0.0,60.131517,16.630214,6.889769,4.202137,10.572044,1.680754,,8.542183
2026.07.31-05.08.52:559,1276,PL_Level2,0.0,0.0,0.0,59.36389,16.845257,7.402968,5.577079,9.491415,1.716242,,8.559028
2026.07.31-05.08.52:575,1278,PL_Level2,0.0,0.0,0.0,59.932325,16.685487,6.264154,5.681333,10.464511,2.333674,,8.575713
2026.07.31-05.08.52:592,1280,PL_Level2,0.0,0.0,0.0,58.525327,17.08662,6.394181,5.167835,10.125094,1.801403,,8.5928
2026.07.31-05.08.52:608,1282,PL_Level2,0.0,0.0,0.0,61.970744,16.136647,7.097144,4.633984,8.098331,2.250348,,8.608937
2026.07.31-05.08.52:624,1284,PL_Level2,0.0,0.0,0.0,62.63416,15.965729,6.494911,5.112796,9.123302,2.294929,,8.624902
2026.07.31-05.08.52:641,1286,PL_Level2,0.0,0.0,0.0,60.775733,16.453936,6.959645,4.150322,8.746588,2.378229,,8.641356
2026.07.31-05.08.52:657,1288,PL_Level2,0.0,0.0,0.0,60.968659,16.40187,7.199001,5.574857,8.570878,1.954538,,8.657758
2026.07.31-05.08.52:673,1290,PL_Level2,0.0,0.0,0.0,62.063103,16.112633,6.710868,4.440787,8.622928,2.414825,,8.673871
2026.07.31-05.08.52:690,1292,PL_Level2,0.0,0.0,0.0,61.217864,16.335101,6.930099,4.395627,9.913167,2.274364,,8.690206
2026.07.31-05.08.52:705,1294,PL_Level2,0.0,0.0,0.0,63.904244,15.648413,6.082455,4.398444,9.296838,3.113294,,8.705854
2026.07.31-05.08.52:722,1296,PL_Level2,0.0,0.0,0.0,59.42942,16.826683,7.467965,4.313903,9.76836,1.759009,,8.722681
2026.07.31-05.08.52:738,1298,PL_Level2,0.0,0.0,0.0,62.788567,15.926466,6.695327,4.602049,9.146415,1.678456,,8.738608
2026.07.31-05.08.52:754,1300,PL_Level2,0.0,0.0,0.0,61.418104,16.281844,5.815377,5.234202,9.091402,2.970671,,8.754889
2026.07.31-05.08.52:771,1302,PL_Level2,0.0,0.0,0.0,59.998849,16.666986,6.825492,4.997106,10.549955,2.110072,,8.771556
2026.07.31-05.08.52:786,1304,PL_Level2,0.0,0.0,0.0,65.141511,15.351194,5.518227,4.863226,9.82274,1.817254,,8.786908
2026.07.31-05.08.52:802,1306,PL_Level2,0.0,0.0,0.0,65.437782,15.281692,6.146478,4.147103,9.393131,2.864531,,8.802189
2026.07.31-05.08.52:818,1308,PL_Level2,0.0,0.0,0.0,61.636117,16.224254,5.822053,4.701611,8.813561,2.486739,,8.818413
2026.07.31-05.08.52:834,1310,PL_Level2,0.0,0.0,0.0,62.701734,15.948522,6.58234,4.815627,10.160478,2.576946,,8.834362
2026.07.31-05.08.52:850,1312,PL_Level2,0.0,0.0,0.0,61.413318,16.283113,6.442195,5.003082,10.142268,1.641274,,8.850645
2026.07.31-05.08.52:866,1314,PL_Level2,0.0,0.0,0.0,61.738782,16.197274,6.564884,4.35123,8.399971,2.042073,,8.866842
2026.07.31-05.08.52:883,1316,PL_Level2,0.0,0.0,0.0,60.588225,16.504857,6.847784,5.459261,9.098329,2.078297,,8.883347
2026.07.31-05.08.52:899,1318,PL_Level2,0.0,0.0,0.0,60.447901,16.543172,6.204265,4.285039,9.084532,2.913074,,8.89989
2026.07.31-05.08.52:915,1320,PL_Level2,0.0,0.0,0.0,65.214359,15.334046,5.856871,3.984226,9.346209,2.124612,,8.915224
2026.07.31-05.08.52:931,1322,PL_Level2,0.0,0.0,0.0,62.468292,16.008121,6.374543,4.401754,9.262055,2.525178,,8.931233
2026.07.31-05.08.52:947,1324,PL_Level2,0.0,0.0,0.0,62.679052,15.954294,6.487513,5.032421,8.61584,3.082216,,8.947187
2026.07.31-05.08.52:963,1326,PL_Level2,0.0,0.0,0.0,61.462502,16.270083,7.197309,4.192942,8.698299,3.229086,,8.963457
2026.07.31-05.08.52:979,1328,PL_Level2,0.0,0.0,0.0,63.036665,15.863783,6.110576,3.978202,9.020556,1.788371,,8.979321
2026.07.31-05.08.52:995,1330,PL_Level2,0.0,0.0,0.0,60.567729,16.510442,6.755628,4.907203,9.904508,2.568805,,8.995831
2026.07.31-05.08.53:012,1332,PL_Level2,0.0,0.0,0.0,61.732758,16.198855,7.164017,4.611259,9.335544,2.752415,,9.01203
2026.07.31-05.08.53:028,1334,PL_Level2,0.0,0.0,0.0,61.161841,16.350064,6.896173,4.343797,8.815219,2.913668,,9.02838
2026.07.31-05.08.53:043,1336,PL_Level2,0.0,0.0,0.0,64.967117,15.392402,5.892738,4.857725,9.12766,2.955508,,9.043773
2026.07.31-05.08.53:060,1338,PL_Level2,0.0,0.0,0.0,60.614338,16.497747,6.458383,5.182654,10.720844,2.851367,,9.06027
2026.07.31-05.08.53:076,1340,PL_Level2,0.0,0.0,0.0,61.385824,16.290406,7.133217,4.27117,8.576904,2.752973,,9.076561
2026.07.31-05.08.53:108,1342,PL_Level2,0.0,0.0,0.0,31.43831,31.808326,12.525122,8.683041,18.425289,3.352908,,9.108369
2026.07.31-05.08.53:124,1344,PL_Level2,0.0,0.0,0.0,61.9386,16.145021,6.057682,4.625515,8.982257,2.494114,,9.124514
2026.07.31-05.08.53:140,1346,PL_Level2,0.0,0.0,0.0,62.640773,15.964043,6.422447,5.571515,8.505042,2.552276,,9.140478
2026.07.31-05.08.53:155,1348,PL_Level2,0.0,0.0,0.0,64.851079,15.419944,5.683789,5.040148,9.734978,2.61599,,9.155898
2026.07.31-05.08.53:171,1350,PL_Level2,0.0,0.0,0.0,63.103651,15.846944,6.468794,4.49604,10.200132,2.509147,,9.171745
2026.07.31-05.08.53:187,1352,PL_Level2,0.0,0.0,0.0,62.870858,15.90562,7.144012,5.511994,8.788322,2.241818,,9.187651
2026.07.31-05.08.53:203,1354,PL_Level2,0.0,0.0,0.0,63.984513,15.628782,6.98494,4.618199,8.62855,2.324715,,9.203279
2026.07.31-05.08.53:219,1356,PL_Level2,0.0,0.0,0.0,62.915999,15.894208,6.538559,4.57806,8.165877,3.126899,,9.219174
2026.07.31-05.08.53:234,1358,PL_Level2,0.0,0.0,0.0,67.238681,14.872392,6.523447,5.122477,8.814316,1.976695,,9.234046
2026.07.31-05.08.53:249,1360,PL_Level2,0.0,0.0,0.0,62.778514,15.929017,6.873614,5.154909,8.027935,2.842464,,9.249975
2026.07.31-05.08.53:265,1362,PL_Level2,0.0,0.0,0.0,64.324497,15.546177,6.919089,4.738233,8.930215,2.498955,,9.265521
2026.07.31-05.08.53:289,1364,PL_Level2,0.0,0.0,0.0,41.052493,24.359057,10.65245,7.553004,12.737891,3.517036,,9.28988
2026.07.31-05.08.53:305,1366,PL_Level2,0.0,0.0,0.0,62.845212,15.912111,7.001062,5.525975,9.560756,2.250479,,9.305792
2026.07.31-05.08.53:321,1368,PL_Level2,0.0,0.0,0.0,64.05474,15.611647,5.822438,4.141616,9.981096,2.399864,,9.321404
2026.07.31-05.08.53:337,1370,PL_Level2,0.0,0.0,0.0,63.084932,15.851646,5.798562,4.513162,8.136926,2.852967,,9.337256
2026.07.31-05.08.53:352,1372,PL_Level2,0.0,0.0,0.0,64.274354,15.558305,5.513819,4.544606,9.594201,1.745875,,9.352814
2026.07.31-05.08.53:368,1374,PL_Level2,0.0,0.0,0.0,64.039416,15.615383,6.494915,5.441491,9.753137,2.983565,,9.368429
2026.07.31-05.08.53:384,1376,PL_Level2,0.0,0.0,0.0,63.699883,15.698616,6.95999,4.056827,8.264237,2.785165,,9.384128
2026.07.31-05.08.53:400,1378,PL_Level2,0.0,0.0,0.0,62.196796,16.077999,7.225211,4.199012,10.264136,2.168967,,9.400206
2026.07.31-05.08.53:415,1380,PL_Level2,0.0,0.0,0.0,66.743061,14.982831,6.521041,4.398016,8.886882,1.513538,,9.415189
2026.07.31-05.08.53:430,1382,PL_Level2,0.0,0.0,0.0,64.842028,15.422096,6.679326,4.116533,8.948525,1.70449,,9.430611
2026.07.31-05.08.53:446,1384,PL_Level2,0.0,0.0,0.0,61.591907,16.235899,6.525018,5.170858,9.753097,1.858029,,9.446847
2026.07.31-05.08.53:462,1386,PL_Level2,0.0,0.0,0.0,63.354259,15.784258,6.237873,4.515367,8.574268,1.741919,,9.462631
2026.07.31-05.08.53:478,1388,PL_Level2,0.0,0.0,0.0,61.638179,16.223711,6.71713,5.42879,8.173694,1.789117,,9.478855
2026.07.31-05.08.53:494,1390,PL_Level2,0.0,0.0,0.0,65.14036,15.351466,5.407872,4.987093,8.693653,3.00911,,9.494206
2026.07.31-05.08.53:509,1392,PL_Level2,0.0,0.0,0.0,63.96703,15.633053,6.713339,4.644278,9.559643,2.592679,,9.509839
2026.07.31-05.08.53:525,1394,PL_Level2,0.0,0.0,0.0,64.005787,15.623587,6.495481,5.226058,9.964686,2.844491,,9.525463
2026.07.31-05.08.53:541,1396,PL_Level2,0.0,0.0,0.0,62.733587,15.940424,5.850214,4.145816,8.998618,2.491191,,9.541403
2026.07.31-05.08.53:557,1398,PL_Level2,0.0,0.0,0.0,63.518761,15.74338,6.510985,4.850691,8.494296,2.549616,,9.557147
2026.07.31-05.08.53:572,1400,PL_Level2,0.0,0.0,0.0,65.165357,15.345577,6.290872,4.765006,7.975009,2.8865,,9.572492
2026.07.31-05.08.53:587,1402,PL_Level2,0.0,0.0,0.0,65.558313,15.253596,6.540742,4.18867,9.767246,1.924957,,9.587746
2026.07.31-05.08.53:603,1404,PL_Level2,0.0,0.0,0.0,65.231696,15.329971,6.64934,3.908562,8.196043,2.597701,,9.603076
2026.07.31-05.08.53:619,1406,PL_Level2,0.0,0.0,0.0,61.618838,16.228803,6.091351,4.925765,10.332241,3.082351,,9.619305
2026.07.31-05.08.53:635,1408,PL_Level2,0.0,0.0,0.0,63.650471,15.710803,6.778391,4.734729,8.288445,3.042071,,9.635015
2026.07.31-05.08.53:650,1410,PL_Level2,0.0,0.0,0.0,64.289716,15.554587,5.727348,4.905313,7.819601,2.246157,,9.65057
2026.07.31-05.08.53:666,1412,PL_Level2,0.0,0.0,0.0,62.78524,15.92731,6.202434,4.320966,8.499339,2.957243,,9.666497
2026.07.31-05.08.53:682,1414,PL_Level2,0.0,0.0,0.0,61.374108,16.293516,6.505425,4.366081,9.351149,2.450316,,9.682791
2026.07.31-05.08.53:698,1416,PL_Level2,0.0,0.0,0.0,61.905499,16.153654,6.954037,5.618105,8.921756,2.031945,,9.698944
2026.07.31-05.08.53:714,1418,PL_Level2,0.0,0.0,0.0,66.055524,15.138779,6.662699,3.956805,9.630657,1.893799,,9.714083
2026.07.31-05.08.53:730,1420,PL_Level2,0.0,0.0,0.0,61.986708,16.132491,5.674146,5.645418,9.385281,2.342061,,9.730216
2026.07.31-05.08.53:745,1422,PL_Level2,0.0,0.0,0.0,63.810921,15.671299,6.640312,5.046122,8.112489,1.971275,,9.745887
2026.07.31-05.08.53:761,1424,PL_Level2,0.0,0.0,0.0,63.46842,15.755867,6.897164,4.930519,9.355831,1.622821,,9.761643
2026.07.31-05.08.53:777,1426,PL_Level2,0.0,0.0,0.0,63.433279,15.764596,7.022032,4.476804,8.802036,1.74285,,9.777407
2026.07.31-05.08.53:793,1428,PL_Level2,0.0,0.0,0.0,63.142898,15.837094,5.967241,5.333621,9.531416,2.928627,,9.793245
2026.07.31-05.08.53:808,1430,PL_Level2,0.0,0.0,0.0,64.76287,15.440946,5.671398,5.265458,9.54137,2.906772,,9.808686
2026.07.31-05.08.53:824,1432,PL_Level2,0.0,0.0,0.0,63.586822,15.726529,6.288952,5.066905,10.18816,2.945648,,9.824412
2026.07.31-05.08.53:840,1434,PL_Level2,0.0,0.0,0.0,62.54695,15.98799,7.03632,5.131967,9.376907,2.484074,,9.8404
2026.07.31-05.08.53:856,1436,PL_Level2,0.0,0.0,0.0,63.512299,15.744982,6.007677,4.712717,8.738663,3.046996,,9.856145
2026.07.31-05.08.53:872,1438,PL_Level2,0.0,0.0,0.0,61.466671,16.268979,6.515825,4.193874,9.192625,2.438871,,9.872414
2026.07.31-05.08.53:888,1440,PL_Level2,0.0,0.0,0.0,64.042494,15.614632,7.019644,5.463605,8.750335,2.28371,,9.888029
2026.07.31-05.08.53:904,1442,PL_Level2,0.0,0.0,0.0,62.250637,16.064093,6.355007,4.041011,9.117667,2.368461,,9.904093
2026.07.31-05.08.53:924,1444,PL_Level2,0.0,0.0,0.0,48.867822,20.463364,8.447789,6.129591,10.323947,2.566335,,9.924556
2026.07.31-05.08.53:940,1446,PL_Level2,0.0,0.0,0.0,63.92258,15.643924,7.032876,4.485323,8.40234,2.524152,,9.9402
2026.07.31-05.08.53:956,1448,PL_Level2,0.0,0.0,0.0,62.47952,16.005245,6.189642,5.24353,10.374025,2.319082,,9.956205
2026.07.31-05.08.53:972,1450,PL_Level2,0.0,0.0,0.0,62.499524,16.000122,6.036734,5.177288,10.227313,3.159476,,9.972205
2026.07.31-05.08.53:987,1452,PL_Level2,0.0,0.0,0.0,64.711157,15.453286,5.845575,4.833865,7.838576,1.811096,,9.987659
2026.07.31-05.08.54:003,1454,PL_Level2,0.0,0.0,0.0,61.431744,16.278229,6.701769,4.191218,10.530991,1.752684,,10.003937
2026.07.31-05.08.54:019,1456,PL_Level2,0.0,0.0,0.0,63.569109,15.730911,5.761767,4.305314,9.73418,2.125466,,10.019668
2026.07.31-05.08.54:035,1458,PL_Level2,0.0,0.0,0.0,64.174061,15.58262,5.710282,4.042378,7.797731,1.894145,,10.03525
2026.07.31-05.08.54:050,1460,PL_Level2,0.0,0.0,0.0,64.426645,15.521528,5.836302,5.399903,9.887517,3.09174,,10.050772
